cl_ord_id,symbol,side,order_type,quantity,transact_time,account_id,firm_id,ord_status
8955ee65-5f6f-4998-a536-3c48df2ea824,MSFT,1,1,2500,2026-02-16 09:30:06,FIRM_A_ACCT_373,FIRM_A,2
1147c906-de63-42d2-a662-bb200287505a,GOOGL,1,1,1000,2026-02-16 09:30:09,FIRM_B_ACCT_781,FIRM_B,2
3dbddd4a-e69b-4848-b798-712fe4a8b933,META,2,1,1000,2026-02-16 09:30:26,FIRM_B_ACCT_416,FIRM_B,2
a9719657-8b46-4573-afc6-d475ca57f775,SPY,1,1,500,2026-02-16 09:30:49,FIRM_B_ACCT_404,FIRM_B,2
bc8761c6-f807-4aba-aaa2-7964ed9d0c28,AMZN,1,1,100,2026-02-16 09:31:01,FIRM_B_ACCT_774,FIRM_B,2
5128ddd0-a685-44d6-b392-ac840703842d,SPY,2,1,1000,2026-02-16 09:31:09,FIRM_B_ACCT_477,FIRM_B,2
d8ee3440-c8b6-4954-95b5-b228842e364a,QQQ,1,1,500,2026-02-16 09:31:24,FIRM_B_ACCT_439,FIRM_B,2
d4882e05-2036-4198-866a-618d6442d4bf,AAPL,1,1,1000,2026-02-16 09:32:16,FIRM_B_ACCT_705,FIRM_B,2
d7bbf2de-59c7-4ef1-a029-85e1d98629a3,MSFT,2,1,1000,2026-02-16 09:32:42,FIRM_B_ACCT_354,FIRM_B,2
83e5fc4e-59ca-4e0d-b3fa-212d4e175d60,QQQ,1,1,200,2026-02-16 09:34:17,FIRM_B_ACCT_692,FIRM_B,2
7ba61b8f-e4db-4122-8a21-1829f2ce457a,AMZN,2,1,1000,2026-02-16 09:35:08,FIRM_A_ACCT_393,FIRM_A,2
7a3ed248-59a2-485c-8575-f10281265878,QQQ,1,1,2500,2026-02-16 09:35:17,FIRM_B_ACCT_219,FIRM_B,2
443ae4b9-9916-4cee-9503-a2d71d9f7223,AAPL,1,1,200,2026-02-16 09:35:26,FIRM_A_ACCT_629,FIRM_A,2
81179cf5-0f79-4d55-bb7c-3922e726f65e,MSFT,2,1,500,2026-02-16 09:35:36,FIRM_A_ACCT_489,FIRM_A,2
01e134d6-7ac6-4046-968b-219ffb30ee32,TSLA,2,1,500,2026-02-16 09:35:40,FIRM_A_ACCT_422,FIRM_A,2
ba9badc3-2cc1-4dd4-a92e-4644eba6f41d,QQQ,1,1,500,2026-02-16 09:36:18,FIRM_B_ACCT_533,FIRM_B,2
b18d8ecc-f448-45e1-871d-7c2c0af458e4,SPY,1,1,200,2026-02-16 09:36:28,FIRM_B_ACCT_903,FIRM_B,2
c6eb26ab-4bec-4a4b-996a-1dc51394c9c6,SPY,2,1,500,2026-02-16 09:37:05,FIRM_B_ACCT_744,FIRM_B,2
be4728ba-5456-46e2-8927-bf924e47ba4c,MSFT,2,1,1000,2026-02-16 09:37:32,FIRM_B_ACCT_125,FIRM_B,2
0ad4040a-4fb0-4942-8847-6d0c74ec7646,MSFT,1,1,200,2026-02-16 09:38:18,FIRM_B_ACCT_805,FIRM_B,2
8661824b-0ad0-4735-b3d8-ae0f78431677,QQQ,2,1,200,2026-02-16 09:38:55,FIRM_A_ACCT_744,FIRM_A,2
f2ccef8d-547c-4f93-a872-011a7f7d480e,META,1,1,200,2026-02-16 09:39:40,FIRM_B_ACCT_502,FIRM_B,2
ab64d3e3-7920-46de-a503-c27d03fb2041,META,1,1,2500,2026-02-16 09:39:43,FIRM_A_ACCT_910,FIRM_A,2
b45b3f54-5436-41da-a004-a085772f1f0b,AMZN,2,1,100,2026-02-16 09:39:47,FIRM_B_ACCT_695,FIRM_B,2
9a7e3560-a8ca-4369-8a8a-3f9a4c17c5da,SPY,1,1,500,2026-02-16 09:41:11,FIRM_A_ACCT_449,FIRM_A,2
c8d2887c-118f-493b-82b1-7b7918a393c5,TSLA,1,1,100,2026-02-16 09:41:20,FIRM_A_ACCT_983,FIRM_A,2
53ee13dc-254a-437b-9c46-0c0565204e49,SPY,2,1,200,2026-02-16 09:41:58,FIRM_B_ACCT_713,FIRM_B,2
48f50f1b-3ba0-4a8d-8c92-444359fe06fd,TSLA,1,1,1000,2026-02-16 09:42:52,FIRM_A_ACCT_984,FIRM_A,2
a684190f-800c-40f2-beca-222463540521,MSFT,1,1,200,2026-02-16 09:42:53,FIRM_A_ACCT_840,FIRM_A,2
af958523-37b2-4fb7-99ed-dc2cdf62e6d5,QQQ,2,1,200,2026-02-16 09:43:24,FIRM_B_ACCT_649,FIRM_B,2
ea4d97a4-c61c-48ad-b4a9-4cbb4916b1f1,MSFT,2,1,2500,2026-02-16 09:43:42,FIRM_A_ACCT_225,FIRM_A,2
f1ecac02-cd5d-4447-a549-fce881201617,TSLA,2,1,1000,2026-02-16 09:43:43,FIRM_B_ACCT_235,FIRM_B,2
44849d0f-5fa0-4d29-aa25-e5162216fcb2,QQQ,2,1,100,2026-02-16 09:44:35,FIRM_A_ACCT_536,FIRM_A,2
50325d2d-8fdd-4f06-aac5-78dbe5bd17dd,MSFT,2,1,2500,2026-02-16 09:44:49,FIRM_A_ACCT_868,FIRM_A,2
2ca5cda8-f501-4ae0-870f-b1160e09ebdc,QQQ,1,1,500,2026-02-16 09:45:40,FIRM_B_ACCT_538,FIRM_B,2
a7dc49a3-41c2-4968-b9f2-cc74d5c38f01,AMZN,2,1,200,2026-02-16 09:46:31,FIRM_B_ACCT_874,FIRM_B,2
ee613e6b-e6df-4b63-9b9a-c4aaec964e67,QQQ,2,1,200,2026-02-16 09:47:34,FIRM_A_ACCT_570,FIRM_A,2
fa03af52-d91f-4caa-be77-9526333f01c1,AAPL,1,1,1000,2026-02-16 09:47:40,FIRM_A_ACCT_944,FIRM_A,2
b7c09d0b-9d33-47e7-9880-38fc393e091f,AMZN,2,1,2500,2026-02-16 09:47:46,FIRM_A_ACCT_919,FIRM_A,2
d2e18ca3-844a-43b9-b3a7-ebdec3336751,SPY,2,1,500,2026-02-16 09:48:38,FIRM_A_ACCT_386,FIRM_A,2
ac274673-fb8e-4b18-8a7e-a6c46411ad88,QQQ,2,1,2500,2026-02-16 09:49:19,FIRM_A_ACCT_178,FIRM_A,2
19b6ee6b-8d68-4f6b-838f-d8f02e22ca01,AAPL,2,1,2500,2026-02-16 09:49:39,FIRM_A_ACCT_140,FIRM_A,2
91dd82b0-8913-4be8-b9be-a02eba46c789,META,2,1,1000,2026-02-16 09:50:50,FIRM_B_ACCT_333,FIRM_B,2
ee9077e1-1b39-44a9-a28f-16d7f3f953b9,QQQ,2,1,1000,2026-02-16 09:51:03,FIRM_A_ACCT_227,FIRM_A,2
d44721be-29c4-4962-b0d8-735e023802d2,SPY,1,1,200,2026-02-16 09:51:18,FIRM_B_ACCT_521,FIRM_B,2
f4c07034-b793-4b15-9cea-14ded56d7080,SPY,1,1,1000,2026-02-16 09:51:23,FIRM_A_ACCT_372,FIRM_A,2
7d1ced08-12ac-48e9-8d43-956e273de002,AAPL,1,1,2500,2026-02-16 09:51:44,FIRM_A_ACCT_225,FIRM_A,2
2c314bb3-49de-4771-a341-2a9f0d333aa5,QQQ,1,1,200,2026-02-16 09:52:12,FIRM_A_ACCT_360,FIRM_A,2
7b1ffc4b-67b3-4585-95bc-960306dca81f,SPY,1,1,2500,2026-02-16 09:52:22,FIRM_B_ACCT_266,FIRM_B,2
512c04d0-8041-40de-8066-d4700dc18b72,GOOGL,2,1,1000,2026-02-16 09:52:25,FIRM_B_ACCT_258,FIRM_B,2
2bc0664d-5710-4a76-926c-6575b98818a2,TSLA,1,1,200,2026-02-16 09:52:47,FIRM_A_ACCT_371,FIRM_A,2
e558c3e3-a928-49ed-ae41-03d961e07142,AMZN,1,1,200,2026-02-16 09:52:54,FIRM_A_ACCT_831,FIRM_A,2
0a40f6e2-9931-4667-b3e6-279e2fc373a6,AAPL,1,1,200,2026-02-16 09:53:26,FIRM_A_ACCT_722,FIRM_A,2
157fc5bf-6489-45b2-875f-b2afb51895c0,MSFT,2,1,2500,2026-02-16 09:53:27,FIRM_A_ACCT_297,FIRM_A,2
5a3f4974-08bd-4fdd-9678-734cdf51e638,SPY,2,1,100,2026-02-16 09:53:36,FIRM_B_ACCT_848,FIRM_B,2
b08e4981-0173-4265-93de-bd018b8e9f6e,QQQ,2,1,2500,2026-02-16 09:54:20,FIRM_B_ACCT_208,FIRM_B,2
b1fa4e20-af67-49c7-bdb1-9a3ac204a6c3,SPY,2,1,1000,2026-02-16 09:54:25,FIRM_B_ACCT_470,FIRM_B,2
888f0b5f-3d84-4757-96f0-7e78f2262c7a,MSFT,1,1,2500,2026-02-16 09:54:54,FIRM_A_ACCT_695,FIRM_A,2
c3e69915-cfac-4b8f-99b4-a1f80e2c7f63,META,1,1,2500,2026-02-16 09:56:06,FIRM_B_ACCT_587,FIRM_B,2
9ab4e1b8-be8b-479d-8d12-0b435797e746,TSLA,2,1,200,2026-02-16 09:56:35,FIRM_A_ACCT_964,FIRM_A,2
b677d96c-c646-4104-b29c-29f22a97f9c6,AAPL,2,1,500,2026-02-16 09:56:46,FIRM_B_ACCT_364,FIRM_B,2
80f0a35a-9bd7-4a63-87d1-066530113c42,AMZN,1,1,100,2026-02-16 09:57:24,FIRM_A_ACCT_374,FIRM_A,2
0bc34b07-094a-4983-b7f6-6ee56bdf7f7d,QQQ,1,1,2500,2026-02-16 09:57:31,FIRM_B_ACCT_525,FIRM_B,2
b71a401a-c5ca-4fad-b1b7-1dc17c5d0c61,GOOGL,2,1,100,2026-02-16 09:57:44,FIRM_A_ACCT_676,FIRM_A,2
53edaebc-bee9-4ebf-bbc5-e428615b829b,META,2,1,100,2026-02-16 09:57:46,FIRM_B_ACCT_732,FIRM_B,2
dc457a49-d8d6-45f4-9486-62612632075b,AMZN,1,1,500,2026-02-16 09:58:10,FIRM_B_ACCT_667,FIRM_B,2
60c8c2b0-1c11-4960-aa92-dcca01baf34b,TSLA,1,1,500,2026-02-16 09:58:47,FIRM_A_ACCT_992,FIRM_A,2
1bfce54b-e83e-4937-80aa-9bf0390b9983,GOOGL,1,1,1000,2026-02-16 09:59:50,FIRM_B_ACCT_898,FIRM_B,2
d37e782f-1323-4b31-96d9-d070b2390a7f,GOOGL,2,1,2500,2026-02-16 10:00:11,FIRM_A_ACCT_547,FIRM_A,2
7d31081e-f00b-4f39-a500-876d6ec5016f,META,1,1,1000,2026-02-16 10:00:17,FIRM_A_ACCT_988,FIRM_A,2
0e027090-40d1-4f4c-8a37-d71a5e8753fe,TSLA,2,1,500,2026-02-16 10:00:35,FIRM_A_ACCT_977,FIRM_A,2
9718e012-b2b3-4918-b5f2-4be4cafc8adb,SPY,1,1,100,2026-02-16 10:01:03,FIRM_A_ACCT_637,FIRM_A,2
ec80a1be-88d5-4b41-908b-7e976169d56b,META,2,1,500,2026-02-16 10:01:25,FIRM_B_ACCT_190,FIRM_B,2
dca01e7b-c029-4121-a691-b4a76d92088c,TSLA,2,1,200,2026-02-16 10:01:46,FIRM_A_ACCT_784,FIRM_A,2
3062c43d-d835-4177-8204-473640b97c72,GOOGL,2,1,100,2026-02-16 10:02:09,FIRM_A_ACCT_320,FIRM_A,2
662cde6e-8d58-456d-bb54-4c038f2debbc,MSFT,1,1,2500,2026-02-16 10:02:13,FIRM_A_ACCT_566,FIRM_A,2
026d7d55-d1d5-4def-859e-ce93d293821b,GOOGL,2,1,500,2026-02-16 10:02:55,FIRM_A_ACCT_748,FIRM_A,2
45dc909a-3fd1-427b-a085-4f4cb3f9569c,MSFT,2,1,1000,2026-02-16 10:02:58,FIRM_B_ACCT_669,FIRM_B,2
a9109c24-3059-4503-a973-32531e1d00bc,AMZN,2,1,200,2026-02-16 10:03:17,FIRM_A_ACCT_523,FIRM_A,2
d0884286-cdfb-4c72-b402-ceba01ea0a34,AMZN,2,1,2500,2026-02-16 10:04:12,FIRM_B_ACCT_240,FIRM_B,2
7c57fccb-cf4b-42d7-a6de-a45a078f0f0a,MSFT,2,1,100,2026-02-16 10:05:09,FIRM_A_ACCT_668,FIRM_A,2
415dc8ee-3f70-4cb6-aacd-43ed8d282865,META,1,1,100,2026-02-16 10:06:21,FIRM_A_ACCT_362,FIRM_A,2
0cd9b041-7456-46aa-94b7-c5f81511d641,GOOGL,2,1,100,2026-02-16 10:06:41,FIRM_B_ACCT_427,FIRM_B,2
37d36888-2dc0-431c-b093-662bf47e5911,SPY,1,1,2500,2026-02-16 10:07:02,FIRM_A_ACCT_833,FIRM_A,2
d43d3bfa-c075-420d-a8a5-aeb40170c60a,AMZN,2,1,200,2026-02-16 10:07:21,FIRM_B_ACCT_588,FIRM_B,2
79621175-acdb-4c30-aebc-bfa0c9189e98,META,1,1,200,2026-02-16 10:07:49,FIRM_A_ACCT_614,FIRM_A,2
1bec7f85-9bb6-468f-b19b-8ad70aa26ffe,MSFT,1,1,1000,2026-02-16 10:08:09,FIRM_A_ACCT_934,FIRM_A,2
8c987198-c0ce-4069-b896-7914c07d9dd7,SPY,2,1,100,2026-02-16 10:08:13,FIRM_B_ACCT_295,FIRM_B,2
5ecb482c-0a3f-4fe0-a264-00ea0ed2015e,TSLA,2,1,100,2026-02-16 10:08:21,FIRM_B_ACCT_300,FIRM_B,2
818263ae-a2de-4e16-8064-0c19d8664dc6,SPY,2,1,1000,2026-02-16 10:08:50,FIRM_B_ACCT_202,FIRM_B,2
fc92c874-f2b6-420f-b53c-93638cd997b4,GOOGL,1,1,500,2026-02-16 10:09:25,FIRM_B_ACCT_679,FIRM_B,2
d0d1f7a4-4f77-4acb-9452-4b489f845650,MSFT,1,1,2500,2026-02-16 10:10:06,FIRM_A_ACCT_375,FIRM_A,2
cc596cf9-fae8-4c57-8893-6d6b610599c8,QQQ,1,1,200,2026-02-16 10:12:12,FIRM_A_ACCT_480,FIRM_A,2
5a945202-3d75-4967-a646-a10c16b41425,GOOGL,2,1,200,2026-02-16 10:13:10,FIRM_B_ACCT_699,FIRM_B,2
2bfd82bc-8061-47ab-8ef5-3d020354373a,AMZN,2,1,200,2026-02-16 10:13:24,FIRM_A_ACCT_408,FIRM_A,2
8a638f6b-443d-49fa-a6f0-ca649a5d05b9,META,2,1,200,2026-02-16 10:13:26,FIRM_B_ACCT_263,FIRM_B,2
135322ab-9344-4d69-b9d0-a60c9b1ea2f6,SPY,1,1,200,2026-02-16 10:13:35,FIRM_B_ACCT_760,FIRM_B,2
77433a6d-f866-4329-80d6-34a16ffd86dc,AAPL,2,1,100,2026-02-16 10:13:40,FIRM_B_ACCT_235,FIRM_B,2
def7c035-c121-49a5-a0ce-2f867129801e,QQQ,1,1,100,2026-02-16 10:13:58,FIRM_A_ACCT_131,FIRM_A,2
47f43cf6-89c6-4517-b288-12dff5ddf9ba,TSLA,1,1,1000,2026-02-16 10:15:27,FIRM_A_ACCT_848,FIRM_A,2
3526bcaa-e6fe-482d-85d7-d66bd90a02e2,META,2,1,200,2026-02-16 10:15:37,FIRM_A_ACCT_416,FIRM_A,2
d932ff6d-b09f-428f-9fae-818ac83116b8,AAPL,2,1,2500,2026-02-16 10:15:59,FIRM_A_ACCT_622,FIRM_A,2
5f6303de-8ac3-464d-b18e-15c3ef9efd4e,MSFT,2,1,100,2026-02-16 10:16:07,FIRM_A_ACCT_824,FIRM_A,2
9853932f-0277-4556-a3c4-243cc67e2679,TSLA,1,1,200,2026-02-16 10:16:41,FIRM_B_ACCT_766,FIRM_B,2
e24248ce-9337-4be6-806c-b0cdcee2e9b8,GOOGL,1,1,1000,2026-02-16 10:16:50,FIRM_A_ACCT_902,FIRM_A,2
c95b16cd-c415-45dc-a7f6-79d668ced9d3,TSLA,2,1,500,2026-02-16 10:17:25,FIRM_B_ACCT_506,FIRM_B,2
3867e746-d00d-4940-b51f-89ff41a30aef,AAPL,1,1,2500,2026-02-16 10:17:51,FIRM_B_ACCT_714,FIRM_B,2
0dafa47b-6741-4f0e-b2c0-e35979d3d148,AMZN,1,1,500,2026-02-16 10:18:02,FIRM_B_ACCT_295,FIRM_B,2
34f82e01-e1d7-499e-bd6c-8c8f052dde9f,META,2,1,100,2026-02-16 10:18:23,FIRM_A_ACCT_477,FIRM_A,2
95c8b4fb-5a8a-4cf1-80aa-37a2e74a402f,AAPL,2,1,1000,2026-02-16 10:18:53,FIRM_A_ACCT_841,FIRM_A,2
324023ff-3fe0-4285-8a8e-473864a8ef7c,MSFT,1,1,100,2026-02-16 10:20:13,FIRM_B_ACCT_988,FIRM_B,2
927f78ff-7785-4b0f-8257-2d3529f3c14c,AAPL,2,1,500,2026-02-16 10:20:15,FIRM_B_ACCT_125,FIRM_B,2
67a33fd6-3511-4efa-8396-e75a42ef7c39,MSFT,1,1,2500,2026-02-16 10:20:16,FIRM_A_ACCT_932,FIRM_A,2
b1d2f209-369e-43d7-8944-c27adb982ae8,AAPL,1,1,200,2026-02-16 10:20:51,FIRM_A_ACCT_541,FIRM_A,2
c3874e04-c82f-48b7-8170-0c68063a2a3c,MSFT,1,1,100,2026-02-16 10:20:53,FIRM_B_ACCT_207,FIRM_B,2
f0f169b7-f7d8-4318-8f88-5e84f9ef08f2,AAPL,2,1,100,2026-02-16 10:21:10,FIRM_B_ACCT_663,FIRM_B,2
7dfc4651-ddee-4cb4-883e-fe85a74fd1d8,GOOGL,1,1,500,2026-02-16 10:21:18,FIRM_B_ACCT_679,FIRM_B,2
552cee46-8f81-4e6c-807a-bc5bded9729f,AMZN,2,1,2500,2026-02-16 10:22:09,FIRM_B_ACCT_562,FIRM_B,2
52258635-6f92-4293-b315-46d5a2def9fc,SPY,2,1,200,2026-02-16 10:23:37,FIRM_A_ACCT_789,FIRM_A,2
deb12803-2115-46ed-9849-f27967649d6c,AAPL,2,1,2500,2026-02-16 10:23:41,FIRM_B_ACCT_836,FIRM_B,2
fa6d862f-2027-4298-b87b-9172f7bb1ee8,AAPL,1,1,100,2026-02-16 10:23:41,FIRM_A_ACCT_617,FIRM_A,2
f973698f-84d2-4b12-9152-7241e34d9912,META,2,1,500,2026-02-16 10:24:18,FIRM_B_ACCT_929,FIRM_B,2
5619803b-cd82-4dd8-88ea-f5c818f73f20,QQQ,2,1,2500,2026-02-16 10:24:48,FIRM_A_ACCT_622,FIRM_A,2
ac25afd6-c047-4ee7-8bb1-2763aea91cef,TSLA,2,1,100,2026-02-16 10:25:07,FIRM_A_ACCT_594,FIRM_A,2
63c3c6bd-bdb4-4e88-8031-c4b7058ba0ce,META,1,1,200,2026-02-16 10:25:54,FIRM_B_ACCT_997,FIRM_B,2
8530656d-cd97-420b-92c9-01bb4348f950,META,1,1,2500,2026-02-16 10:26:12,FIRM_B_ACCT_612,FIRM_B,2
ecd43095-0ec7-41b0-9de7-e81d9ffa62e0,TSLA,1,1,2500,2026-02-16 10:26:30,FIRM_B_ACCT_465,FIRM_B,2
7f78b981-3145-4f60-a5f2-fab44626f77c,QQQ,2,1,500,2026-02-16 10:26:42,FIRM_B_ACCT_119,FIRM_B,2
fc52b500-5521-417a-aebd-bdc1c4a35baf,QQQ,2,1,500,2026-02-16 10:26:44,FIRM_A_ACCT_694,FIRM_A,2
326778de-24ca-42ed-b1b3-b20fbaada6a0,AAPL,1,1,200,2026-02-16 10:27:01,FIRM_A_ACCT_773,FIRM_A,2
5fbad05b-0479-448e-ad7a-faf5e3be8dcc,TSLA,1,1,500,2026-02-16 10:27:11,FIRM_A_ACCT_821,FIRM_A,2
e008457c-123f-4f03-bd50-82a23bd061f5,AAPL,1,1,100,2026-02-16 10:28:15,FIRM_A_ACCT_559,FIRM_A,2
e8ccd518-8e20-473b-9613-5a4983fa18af,SPY,1,1,200,2026-02-16 10:28:29,FIRM_A_ACCT_673,FIRM_A,2
a2eb1fa0-e00c-4590-b53d-a379532761ff,META,2,1,1000,2026-02-16 10:28:55,FIRM_B_ACCT_389,FIRM_B,2
2b1cb480-d80e-4340-bc36-9ad398e3ed74,AAPL,2,1,100,2026-02-16 10:29:01,FIRM_A_ACCT_105,FIRM_A,2
7dc80d5e-567f-403b-802f-ec6e9303fed8,QQQ,1,1,200,2026-02-16 10:29:03,FIRM_A_ACCT_775,FIRM_A,2
9c03bd7b-8ea7-463d-b254-356b3d3b1c45,TSLA,2,1,1000,2026-02-16 10:30:00,FIRM_A_ACCT_181,FIRM_A,2
a5485607-159c-4dd2-add5-bd03ad44c836,MSFT,2,1,2500,2026-02-16 10:30:35,FIRM_B_ACCT_896,FIRM_B,2
d69e5330-42ce-4bcd-8f3e-0bcba7ad2ed6,TSLA,1,1,200,2026-02-16 10:30:54,FIRM_A_ACCT_857,FIRM_A,2
ebd5051f-8226-4d6c-9183-1db84047a0ef,MSFT,2,1,200,2026-02-16 10:31:49,FIRM_A_ACCT_962,FIRM_A,2
acec5c56-1e87-41e1-a82a-38b922777c7c,MSFT,2,1,500,2026-02-16 10:33:05,FIRM_B_ACCT_907,FIRM_B,2
37508387-53b8-42bd-8387-d68c2b706e09,META,2,1,500,2026-02-16 10:33:35,FIRM_B_ACCT_298,FIRM_B,2
00d922c3-f4ec-46c6-a5e4-a076b3271957,AAPL,1,1,1000,2026-02-16 10:34:05,FIRM_A_ACCT_193,FIRM_A,2
d980f7a1-7fa3-4b7d-9f52-d6e3d7b2f5b5,MSFT,2,1,2500,2026-02-16 10:34:32,FIRM_B_ACCT_183,FIRM_B,2
f2689031-2ffe-4775-a5ea-2b876df1c81c,META,2,1,1000,2026-02-16 10:34:58,FIRM_B_ACCT_858,FIRM_B,2
47a6ac99-1c14-4f74-8b31-64d4631ebcfc,MSFT,2,1,100,2026-02-16 10:35:04,FIRM_B_ACCT_905,FIRM_B,2
08f70d48-e777-4fdc-8c3b-cf10573764d7,MSFT,2,1,100,2026-02-16 10:35:18,FIRM_B_ACCT_466,FIRM_B,2
437c6607-4fe6-4be7-a271-13bc62a845ce,MSFT,2,1,100,2026-02-16 10:35:48,FIRM_B_ACCT_293,FIRM_B,2
b718637d-4ca1-4c41-b462-99ae25b18b46,QQQ,2,1,100,2026-02-16 10:36:11,FIRM_A_ACCT_596,FIRM_A,2
5b5ac041-44d4-4bef-a810-c2a8842642be,META,1,1,100,2026-02-16 10:36:20,FIRM_A_ACCT_789,FIRM_A,2
9522c131-7d74-4d1e-9058-46e6c868872b,MSFT,1,1,200,2026-02-16 10:36:29,FIRM_B_ACCT_195,FIRM_B,2
352b2c3c-d627-4a43-b2da-a0142999a1a6,AAPL,2,1,200,2026-02-16 10:36:39,FIRM_A_ACCT_687,FIRM_A,2
9bc5659f-7634-4574-ba40-b0e43db16e45,QQQ,1,1,500,2026-02-16 10:37:09,FIRM_B_ACCT_702,FIRM_B,2
eef92ea4-41f5-4e64-aab6-7f61055fe0f0,SPY,2,1,100,2026-02-16 10:37:22,FIRM_A_ACCT_739,FIRM_A,2
a393855f-ec99-47b3-be61-737ec588bc24,MSFT,1,1,1000,2026-02-16 10:37:28,FIRM_B_ACCT_177,FIRM_B,2
47040be5-40d9-4566-8c79-ad23aa1a6fcb,TSLA,2,1,2500,2026-02-16 10:37:43,FIRM_A_ACCT_165,FIRM_A,2
e702ba11-1db2-4a86-bbcb-e653e50d7139,AMZN,2,1,2500,2026-02-16 10:38:29,FIRM_A_ACCT_126,FIRM_A,2
bde1fffe-4cb1-40b6-a4bd-374b81214939,SPY,2,1,500,2026-02-16 10:38:46,FIRM_B_ACCT_162,FIRM_B,2
7026dd68-243a-4b23-8a86-18b76b6e98b4,AAPL,2,1,1000,2026-02-16 10:38:47,FIRM_B_ACCT_881,FIRM_B,2
d4b65d8e-f23c-40c3-8f4c-3f30ec59833c,QQQ,1,1,100,2026-02-16 10:39:12,FIRM_B_ACCT_451,FIRM_B,2
565b74c7-8d29-455d-a06d-64c9baa86cff,SPY,1,1,200,2026-02-16 10:39:14,FIRM_B_ACCT_389,FIRM_B,2
d0abf7fb-8884-4eef-b0ad-b5e9750062d6,META,2,1,200,2026-02-16 10:39:22,FIRM_A_ACCT_919,FIRM_A,2
58010ece-6af6-4da5-896b-10118b538e9b,TSLA,1,1,1000,2026-02-16 10:39:46,FIRM_A_ACCT_623,FIRM_A,2
472e3d31-34f9-42e4-a9e7-ed262e87da9c,AMZN,2,1,100,2026-02-16 10:39:49,FIRM_A_ACCT_612,FIRM_A,2
cd868c1e-f834-48bb-bf2f-8e2bc5b35488,AMZN,1,1,100,2026-02-16 10:40:04,FIRM_B_ACCT_740,FIRM_B,2
e58976e3-a261-4731-8172-e3b1c56bf146,AAPL,1,1,2500,2026-02-16 10:40:27,FIRM_B_ACCT_150,FIRM_B,2
043720ac-2979-4e88-af5a-f9b02615e747,TSLA,1,1,200,2026-02-16 10:40:34,FIRM_B_ACCT_342,FIRM_B,2
77d6b4ae-7341-4db4-a267-50ef78d7608f,AAPL,1,1,2500,2026-02-16 10:40:45,FIRM_A_ACCT_931,FIRM_A,2
f734084d-1462-4678-b67b-da9aa40fe906,META,1,1,200,2026-02-16 10:40:51,FIRM_A_ACCT_993,FIRM_A,2
b26e20fb-f788-45ba-ab92-761970dc2f1f,AAPL,1,1,100,2026-02-16 10:40:54,FIRM_B_ACCT_341,FIRM_B,2
5654e75c-df50-4d40-9ecf-97e15a22d4e6,SPY,2,1,100,2026-02-16 10:42:00,FIRM_A_ACCT_703,FIRM_A,2
d1ff21e4-a8d4-493d-8ede-88ed975b84c1,AMZN,1,1,200,2026-02-16 10:42:24,FIRM_B_ACCT_881,FIRM_B,2
dd160269-48b0-4357-80ea-d8de86e139fb,GOOGL,2,1,500,2026-02-16 10:42:28,FIRM_B_ACCT_649,FIRM_B,2
0ccd8fd3-7f06-4974-a4d8-3349a65d074f,AAPL,2,1,200,2026-02-16 10:44:12,FIRM_B_ACCT_266,FIRM_B,2
34f4721e-08cd-4389-a590-45f5a49ac2e1,TSLA,1,1,100,2026-02-16 10:44:47,FIRM_A_ACCT_480,FIRM_A,2
0d0095a6-c7ba-40cf-b149-eb26fa29f302,MSFT,2,1,2500,2026-02-16 10:45:02,FIRM_B_ACCT_359,FIRM_B,2
9be0837d-c8fe-4f36-8424-27690b7ddb21,MSFT,2,1,500,2026-02-16 10:45:09,FIRM_A_ACCT_916,FIRM_A,2
7d0a59e9-a7ba-4547-9cea-a3a49089c3cc,QQQ,1,1,1000,2026-02-16 10:45:13,FIRM_B_ACCT_965,FIRM_B,2
4afa868e-c7ea-4e0a-9600-c199661525d2,SPY,2,1,200,2026-02-16 10:45:52,FIRM_A_ACCT_254,FIRM_A,2
73e62310-b3e1-4bf5-9756-195c3107e139,MSFT,2,1,100,2026-02-16 10:46:02,FIRM_A_ACCT_731,FIRM_A,2
db2cdc1e-bcf7-4eed-b4d9-0e7620cc710b,META,1,1,1000,2026-02-16 10:46:20,FIRM_A_ACCT_812,FIRM_A,2
0387a508-32f1-45ec-9e57-21c0ba176db0,SPY,1,1,1000,2026-02-16 10:46:48,FIRM_B_ACCT_385,FIRM_B,2
4a701ebf-878a-4b9e-aeed-659962328115,META,2,1,2500,2026-02-16 10:47:43,FIRM_A_ACCT_719,FIRM_A,2
9a772fcc-67cf-45c8-8baa-750907309d06,GOOGL,2,1,2500,2026-02-16 10:48:10,FIRM_B_ACCT_642,FIRM_B,2
1e0dc204-7526-438a-87d0-2e8cfdd22165,META,1,1,200,2026-02-16 10:48:30,FIRM_A_ACCT_717,FIRM_A,2
8c6fda79-b785-481b-94a3-a46841b783b2,GOOGL,1,1,500,2026-02-16 10:48:55,FIRM_A_ACCT_181,FIRM_A,2
fbace1e7-d277-4550-b597-1a0d390804d4,TSLA,2,1,500,2026-02-16 10:49:03,FIRM_A_ACCT_361,FIRM_A,2
7369b408-aa64-4b47-ae3f-fddf81c9c6ea,AMZN,2,1,500,2026-02-16 10:49:12,FIRM_B_ACCT_737,FIRM_B,2
be8bc679-d9ed-4fd1-80e6-cc6ee5310f56,QQQ,2,1,100,2026-02-16 10:49:31,FIRM_B_ACCT_867,FIRM_B,2
ae1d21ea-2206-4200-bce4-f3c6a09ad1f2,META,1,1,2500,2026-02-16 10:49:31,FIRM_B_ACCT_325,FIRM_B,2
3ff21e64-0cdf-4d0c-9f59-7298944ff09f,QQQ,2,1,2500,2026-02-16 10:50:19,FIRM_B_ACCT_132,FIRM_B,2
cd09704e-962b-4d8f-bbff-7d8135d7cd92,META,2,1,200,2026-02-16 10:50:28,FIRM_A_ACCT_969,FIRM_A,2
9051ed55-98b9-48bb-a834-50518a83747f,META,2,1,2500,2026-02-16 10:51:25,FIRM_A_ACCT_592,FIRM_A,2
87e913dc-378c-4266-9d54-bfe07c7bdf8f,GOOGL,1,1,1000,2026-02-16 10:51:25,FIRM_A_ACCT_132,FIRM_A,2
1297c5ed-38a5-4962-a18f-97e94cc4e086,SPY,2,1,100,2026-02-16 10:51:27,FIRM_B_ACCT_620,FIRM_B,2
d1a1b3d6-0374-48e7-a94b-c377ac7c74ee,GOOGL,2,1,2500,2026-02-16 10:52:16,FIRM_A_ACCT_323,FIRM_A,2
009981fe-d90d-4fd8-bbc7-77c96fd69a34,GOOGL,1,1,500,2026-02-16 10:52:20,FIRM_A_ACCT_658,FIRM_A,2
00d3d288-b7a9-47cb-80d0-b7de33a6de8c,AMZN,1,1,200,2026-02-16 10:52:21,FIRM_B_ACCT_820,FIRM_B,2
e84bd574-35a9-47f2-a3aa-9f33a8742142,QQQ,2,1,2500,2026-02-16 10:52:33,FIRM_A_ACCT_686,FIRM_A,2
900b1e36-b1d9-4538-ba13-3c8f4f078c7e,META,1,1,100,2026-02-16 10:52:43,FIRM_B_ACCT_606,FIRM_B,2
0c3583e5-5a7d-4c75-8670-65e2beb84b51,GOOGL,1,1,100,2026-02-16 10:55:01,FIRM_B_ACCT_778,FIRM_B,2
9cd31207-c784-4d85-9e63-8afc12c9d8de,SPY,2,1,1000,2026-02-16 10:55:58,FIRM_B_ACCT_500,FIRM_B,2
53c97cee-7124-4660-940a-98c0675171a8,AAPL,1,1,1000,2026-02-16 10:56:10,FIRM_B_ACCT_540,FIRM_B,2
5407b251-b267-4a95-8b64-1ee9fb0eb798,META,1,1,2500,2026-02-16 10:56:34,FIRM_A_ACCT_496,FIRM_A,2
0f37d86d-7925-4755-8b92-49b53ca46268,TSLA,1,1,100,2026-02-16 10:56:52,FIRM_A_ACCT_647,FIRM_A,2
f1812636-5733-495d-96a8-402aabc336cc,META,2,1,2500,2026-02-16 10:57:20,FIRM_B_ACCT_446,FIRM_B,2
7643f98c-f98d-4888-8781-8db8c433944d,META,2,1,1000,2026-02-16 10:57:21,FIRM_A_ACCT_152,FIRM_A,2
d8c63b76-c1dd-4797-ad19-4b81771d67c5,SPY,2,1,200,2026-02-16 10:57:26,FIRM_A_ACCT_425,FIRM_A,2
ca011063-d976-4ad8-b642-1bd29da8883b,AAPL,1,1,200,2026-02-16 10:59:03,FIRM_A_ACCT_623,FIRM_A,2
3d84e2ba-9863-426d-be9b-5fe1cf63dd1e,GOOGL,1,1,200,2026-02-16 10:59:08,FIRM_B_ACCT_669,FIRM_B,2
8889c54d-d05d-43dc-a703-40ec0fffac7c,QQQ,2,1,2500,2026-02-16 10:59:22,FIRM_B_ACCT_832,FIRM_B,2
bdf03f41-d66d-46ee-88b7-dc29d695778f,META,1,1,500,2026-02-16 10:59:59,FIRM_B_ACCT_697,FIRM_B,2
772ae6fa-6a2d-4a5f-8786-3fd8a95d6f1e,MSFT,1,1,500,2026-02-16 11:00:31,FIRM_A_ACCT_225,FIRM_A,2
f14eb50e-c2e0-4386-89bc-a774de05779d,SPY,1,1,200,2026-02-16 11:02:08,FIRM_A_ACCT_779,FIRM_A,2
ec7c4dc6-4da0-4aec-bb0f-acc141577b3f,META,1,1,200,2026-02-16 11:03:15,FIRM_B_ACCT_356,FIRM_B,2
13b93d48-3865-4e2f-9505-7f015df92744,META,1,1,100,2026-02-16 11:03:59,FIRM_A_ACCT_333,FIRM_A,2
e2faa769-4b3a-4b21-96d0-1e6decc18c17,MSFT,1,1,1000,2026-02-16 11:04:16,FIRM_B_ACCT_268,FIRM_B,2
65d5d205-064f-4508-b427-637161adc80a,AMZN,2,1,100,2026-02-16 11:05:59,FIRM_A_ACCT_663,FIRM_A,2
da441c91-7a49-459e-9851-41ad0870036d,QQQ,1,1,100,2026-02-16 11:06:45,FIRM_A_ACCT_955,FIRM_A,2
51218696-bf5f-49e0-809f-638f62832377,TSLA,1,1,200,2026-02-16 11:06:58,FIRM_B_ACCT_751,FIRM_B,2
09eb1184-1546-48de-83b9-82f9748c19f1,TSLA,2,1,500,2026-02-16 11:07:27,FIRM_B_ACCT_533,FIRM_B,2
eed677cb-1007-48b4-bdd2-4c3086e9fd18,MSFT,1,1,2500,2026-02-16 11:07:35,FIRM_B_ACCT_377,FIRM_B,2
a910449a-914f-4028-b2a9-6997921ae3ea,SPY,2,1,200,2026-02-16 11:07:56,FIRM_B_ACCT_721,FIRM_B,2
caa4639e-9808-4bbe-b35b-49bb2d23be51,AMZN,1,1,200,2026-02-16 11:08:16,FIRM_B_ACCT_928,FIRM_B,2
365481b9-6d23-41e6-9560-aa605ac2eec9,GOOGL,2,1,100,2026-02-16 11:08:56,FIRM_A_ACCT_486,FIRM_A,2
caa8fcbb-8d1e-4397-b5c6-341ac97a4e97,AAPL,2,1,500,2026-02-16 11:09:01,FIRM_B_ACCT_821,FIRM_B,2
a24b7d49-f207-4910-9e02-aa847c12e714,AMZN,1,1,500,2026-02-16 11:09:49,FIRM_A_ACCT_435,FIRM_A,2
7031caee-7784-4fa2-838d-2bdf75bef16e,GOOGL,2,1,1000,2026-02-16 11:10:10,FIRM_B_ACCT_984,FIRM_B,2
ace70539-f488-44ea-9102-aec37ab21cb7,META,1,1,500,2026-02-16 11:10:32,FIRM_B_ACCT_301,FIRM_B,2
8381cb9b-1970-4ac6-832f-359b0c9f8a18,MSFT,2,1,200,2026-02-16 11:11:15,FIRM_A_ACCT_631,FIRM_A,2
df81a7c9-3ee7-4c4c-8f93-fd380922ef31,TSLA,2,1,500,2026-02-16 11:11:20,FIRM_A_ACCT_261,FIRM_A,2
4b218a05-7107-48cc-8671-0c959806bc50,SPY,2,1,2500,2026-02-16 11:12:00,FIRM_B_ACCT_847,FIRM_B,2
d50b40e1-536c-4ebe-901b-e34b722b4364,MSFT,1,1,200,2026-02-16 11:12:50,FIRM_B_ACCT_644,FIRM_B,2
185c1b27-9b7f-4c34-829f-1f5ef2ab4a5e,GOOGL,1,1,1000,2026-02-16 11:12:56,FIRM_B_ACCT_167,FIRM_B,2
6bf73553-a344-463c-b30c-9233b6a9869a,SPY,2,1,100,2026-02-16 11:12:59,FIRM_A_ACCT_427,FIRM_A,2
06a46efe-c157-418f-9fe8-dcb4e2747e1b,GOOGL,2,1,100,2026-02-16 11:14:14,FIRM_A_ACCT_613,FIRM_A,2
f5317f74-d659-4ad3-9c09-2eb62462910a,QQQ,1,1,500,2026-02-16 11:14:29,FIRM_A_ACCT_578,FIRM_A,2
2c9945a9-5c1d-4176-9416-f6b343e27523,AMZN,1,1,500,2026-02-16 11:14:41,FIRM_A_ACCT_838,FIRM_A,2
294b3960-1ee1-44b2-82c2-abae568807e1,MSFT,1,1,200,2026-02-16 11:15:17,FIRM_B_ACCT_912,FIRM_B,2
abdb3b47-9df1-43b1-a8c9-bdd6406a98df,TSLA,1,1,200,2026-02-16 11:15:59,FIRM_B_ACCT_110,FIRM_B,2
9015031f-052e-420f-a48f-5bb0cc6a78ea,GOOGL,2,1,100,2026-02-16 11:17:55,FIRM_A_ACCT_653,FIRM_A,2
b290bb47-d50a-49fa-84ec-76c8e5ce8054,TSLA,2,1,100,2026-02-16 11:18:37,FIRM_A_ACCT_179,FIRM_A,2
bd02ad06-ce83-4890-8765-6d0babab18a7,AAPL,2,1,100,2026-02-16 11:18:49,FIRM_A_ACCT_598,FIRM_A,2
8305b09d-48f6-4849-9a27-9a032ab5655c,SPY,1,1,200,2026-02-16 11:18:59,FIRM_A_ACCT_644,FIRM_A,2
231c78fb-f800-4f67-8183-26705047d9a5,META,2,1,1000,2026-02-16 11:19:02,FIRM_B_ACCT_574,FIRM_B,2
6372958b-7a21-488a-96c3-dd071fda747c,MSFT,1,1,1000,2026-02-16 11:19:15,FIRM_B_ACCT_763,FIRM_B,2
9e1b2f69-6066-4934-a7d6-56f6e83b0f94,META,2,1,500,2026-02-16 11:19:16,FIRM_B_ACCT_665,FIRM_B,2
236acf5b-2f95-4a71-a74a-9ca40b30cfd5,META,1,1,100,2026-02-16 11:19:27,FIRM_A_ACCT_872,FIRM_A,2
6153487f-e9f3-4efb-84d7-78f890ab238f,AAPL,2,1,1000,2026-02-16 11:19:45,FIRM_A_ACCT_497,FIRM_A,2
b96545fc-83e5-4f3f-8fcb-5061140c37c1,MSFT,1,1,200,2026-02-16 11:20:35,FIRM_B_ACCT_359,FIRM_B,2
b644f4bd-faf6-4135-82d0-fcfd25aa9c5c,AAPL,2,1,2500,2026-02-16 11:21:00,FIRM_B_ACCT_619,FIRM_B,2
2e1a6a01-986c-46bb-aa69-38ec6ea3cb97,GOOGL,2,1,2500,2026-02-16 11:21:01,FIRM_B_ACCT_183,FIRM_B,2
82dde24f-b638-4bc9-8450-fa1993b6e150,AMZN,1,1,2500,2026-02-16 11:21:41,FIRM_A_ACCT_444,FIRM_A,2
e4950b9c-323a-4b57-977a-3293fbbf870b,GOOGL,2,1,500,2026-02-16 11:22:36,FIRM_A_ACCT_323,FIRM_A,2
951ae684-e486-48f4-bcf7-0e4f2a1ed791,META,2,1,1000,2026-02-16 11:22:45,FIRM_A_ACCT_494,FIRM_A,2
701a8ed2-de78-46e8-846b-98ec5756aab5,QQQ,1,1,1000,2026-02-16 11:23:04,FIRM_B_ACCT_141,FIRM_B,2
7f61d06c-90c1-4ac7-bbfb-8c9076c7625a,GOOGL,2,1,200,2026-02-16 11:23:38,FIRM_B_ACCT_515,FIRM_B,2
339008b9-064f-453e-9f4b-79dc19117782,QQQ,1,1,2500,2026-02-16 11:25:42,FIRM_B_ACCT_878,FIRM_B,2
df7a401d-be1c-46f4-9778-2dbdf0e00047,TSLA,2,1,100,2026-02-16 11:27:03,FIRM_B_ACCT_658,FIRM_B,2
9a29f0a5-4879-4ac0-8c97-584d94500e84,META,1,1,1000,2026-02-16 11:27:13,FIRM_A_ACCT_685,FIRM_A,2
13031db1-8b09-4253-9b64-f02d8373c575,MSFT,2,1,100,2026-02-16 11:27:18,FIRM_B_ACCT_400,FIRM_B,2
f36af57e-73dd-4e4c-abab-da0d803e1db5,AAPL,1,1,1000,2026-02-16 11:27:47,FIRM_B_ACCT_285,FIRM_B,2
bd326136-0d41-42c5-be50-ef15a21c63ee,META,1,1,200,2026-02-16 11:27:48,FIRM_A_ACCT_840,FIRM_A,2
4e895f00-08bc-43aa-8ee8-5c3cee83cec3,TSLA,1,1,200,2026-02-16 11:28:04,FIRM_A_ACCT_481,FIRM_A,2
ae3be360-acf9-43f6-98f4-e124d8abbc42,AAPL,1,1,2500,2026-02-16 11:28:09,FIRM_A_ACCT_930,FIRM_A,2
ad2ef6a9-c604-43f7-ab65-ec5812c000d3,GOOGL,2,1,500,2026-02-16 11:28:35,FIRM_A_ACCT_257,FIRM_A,2
0ed91972-0ea1-40b1-8ef2-b4ca7ec1e736,SPY,2,1,200,2026-02-16 11:28:37,FIRM_A_ACCT_926,FIRM_A,2
81a7487b-9cba-4bcb-ab9d-a43aba6a374f,META,1,1,500,2026-02-16 11:29:15,FIRM_A_ACCT_815,FIRM_A,2
b20aaf70-488b-4a16-99bf-dad35e6d7e12,META,1,1,200,2026-02-16 11:29:40,FIRM_B_ACCT_381,FIRM_B,2
1c4adf4d-3de9-40fd-a425-4340166ab621,QQQ,2,1,100,2026-02-16 11:29:41,FIRM_B_ACCT_362,FIRM_B,2
b504c446-9fce-4d08-bce0-f1462fbdd512,SPY,2,1,2500,2026-02-16 11:29:51,FIRM_B_ACCT_885,FIRM_B,2
d58ed854-4238-487f-b1bc-8c004b25ab55,MSFT,2,1,1000,2026-02-16 11:29:59,FIRM_A_ACCT_529,FIRM_A,2
f63b935d-5e17-4f3b-bb29-089f6c171199,GOOGL,1,1,100,2026-02-16 11:30:55,FIRM_A_ACCT_274,FIRM_A,2
e3000f1e-194f-4bea-8fae-22d6589cc7bb,MSFT,1,1,2500,2026-02-16 11:31:10,FIRM_A_ACCT_796,FIRM_A,2
879768a6-6c9b-43ef-9a22-5970c99e913f,AMZN,2,1,200,2026-02-16 11:31:22,FIRM_A_ACCT_681,FIRM_A,2
344efde3-d0cf-4d95-a48d-b803e656389e,GOOGL,2,1,100,2026-02-16 11:31:58,FIRM_A_ACCT_522,FIRM_A,2
38c43c25-7ba8-4e81-9dde-c422cf40b6d6,AMZN,2,1,1000,2026-02-16 11:32:18,FIRM_A_ACCT_528,FIRM_A,2
9e4656ba-b08b-46ff-b7ba-610a25e58004,AMZN,1,1,2500,2026-02-16 11:32:41,FIRM_B_ACCT_152,FIRM_B,2
b19bf028-af60-4e9e-92ca-2ac978683a05,QQQ,2,1,500,2026-02-16 11:33:26,FIRM_B_ACCT_735,FIRM_B,2
5e346f09-d34c-44eb-8fed-e7c60861b4e4,QQQ,2,1,2500,2026-02-16 11:34:11,FIRM_B_ACCT_843,FIRM_B,2
37e0eae9-7c52-447d-94bc-a49400c6fb7a,TSLA,1,1,500,2026-02-16 11:34:41,FIRM_B_ACCT_131,FIRM_B,2
d3cf04fa-2076-4a60-8b5e-e0492bbd545e,AMZN,2,1,2500,2026-02-16 11:34:47,FIRM_A_ACCT_722,FIRM_A,2
033cf907-23c1-4cc0-96d0-191eea89b200,AAPL,1,1,2500,2026-02-16 11:35:10,FIRM_B_ACCT_575,FIRM_B,2
1004b04b-522a-4959-96e4-39ea0926247d,TSLA,1,1,200,2026-02-16 11:35:27,FIRM_A_ACCT_220,FIRM_A,2
4953bc83-8cf9-4c2a-baa7-c598030ad947,QQQ,1,1,500,2026-02-16 11:35:37,FIRM_A_ACCT_535,FIRM_A,2
a823b615-9500-4631-b1ce-91c81ddd2e96,MSFT,1,1,500,2026-02-16 11:35:49,FIRM_B_ACCT_839,FIRM_B,2
97d56c79-569d-4bed-ae0e-22fbe9d8a806,GOOGL,1,1,1000,2026-02-16 11:36:19,FIRM_A_ACCT_254,FIRM_A,2
14f4a157-56d3-4b6e-b80e-96fe635e3495,MSFT,1,1,500,2026-02-16 11:36:20,FIRM_A_ACCT_265,FIRM_A,2
0c3728de-1df8-4341-a02f-0a9b1a0e4efe,AAPL,2,1,100,2026-02-16 11:36:22,FIRM_A_ACCT_686,FIRM_A,2
dd6d3d03-ae92-461a-bc7b-5cec454515ef,SPY,2,1,200,2026-02-16 11:36:31,FIRM_A_ACCT_109,FIRM_A,2
ae59008e-f15c-42b2-bc2a-0cf2938a03a7,GOOGL,2,1,500,2026-02-16 11:36:41,FIRM_B_ACCT_870,FIRM_B,2
9daa8e3d-e656-4a43-829a-ded68a9fa3a6,QQQ,2,1,1000,2026-02-16 11:36:57,FIRM_B_ACCT_484,FIRM_B,2
e3b49bf5-a395-4c54-bb16-1c401b02e9e6,GOOGL,2,1,200,2026-02-16 11:37:32,FIRM_B_ACCT_422,FIRM_B,2
676c873f-f924-49ba-b5a2-63897c2548da,META,2,1,2500,2026-02-16 11:37:52,FIRM_A_ACCT_401,FIRM_A,2
33209501-ebcc-40ef-8cdb-cbc172b468d8,AMZN,2,1,100,2026-02-16 11:38:41,FIRM_A_ACCT_493,FIRM_A,2
9e641272-cdb3-4d49-9fe7-851bfc6ca753,AMZN,2,1,1000,2026-02-16 11:39:25,FIRM_A_ACCT_286,FIRM_A,2
59542c92-b8b2-437a-bd2a-28d3621fb036,AAPL,2,1,1000,2026-02-16 11:39:34,FIRM_A_ACCT_258,FIRM_A,2
8eb018bf-31bd-467c-a17f-f3b753d11759,GOOGL,2,1,100,2026-02-16 11:39:46,FIRM_A_ACCT_427,FIRM_A,2
d220afb9-c35d-4256-b8c7-6726a171e518,QQQ,2,1,1000,2026-02-16 11:40:09,FIRM_A_ACCT_211,FIRM_A,2
30957b89-70cd-42dd-b2e1-154af3bfa0a3,QQQ,1,1,100,2026-02-16 11:40:24,FIRM_A_ACCT_149,FIRM_A,2
7afd65d7-02e8-43e8-9056-a2729b116ff7,GOOGL,2,1,200,2026-02-16 11:40:35,FIRM_B_ACCT_313,FIRM_B,2
efafa6a1-6e24-453c-8b80-43c3343d7185,MSFT,1,1,200,2026-02-16 11:41:22,FIRM_A_ACCT_257,FIRM_A,2
66fd6276-e7af-4ccc-a4f8-f1d01909e17c,META,1,1,500,2026-02-16 11:41:52,FIRM_B_ACCT_747,FIRM_B,2
c3782c02-b92a-4fd6-9385-b7f5b20b19b7,MSFT,2,1,500,2026-02-16 11:42:01,FIRM_A_ACCT_928,FIRM_A,2
22b382e0-4987-410c-b040-3978bed1720c,META,1,1,200,2026-02-16 11:42:06,FIRM_B_ACCT_582,FIRM_B,2
4f920b46-d7a3-413b-887c-867c76e3a342,SPY,2,1,100,2026-02-16 11:42:31,FIRM_A_ACCT_339,FIRM_A,2
fc7fdd70-f7a8-4e4b-be18-26aadf7c1799,AAPL,1,1,500,2026-02-16 11:42:59,FIRM_B_ACCT_912,FIRM_B,2
a03af509-030c-4454-90ca-79a8c9cd6b7a,META,1,1,200,2026-02-16 11:43:09,FIRM_A_ACCT_731,FIRM_A,2
731a180c-3ae0-4104-8504-bb523cbb1baa,QQQ,2,1,100,2026-02-16 11:43:28,FIRM_B_ACCT_150,FIRM_B,2
94a8b078-830d-4543-b447-8b24336ad8fe,MSFT,2,1,500,2026-02-16 11:43:33,FIRM_A_ACCT_276,FIRM_A,2
74ffaeb5-3699-498f-b3d2-94a9789ee289,GOOGL,2,1,500,2026-02-16 11:43:43,FIRM_B_ACCT_354,FIRM_B,2
ff26dd17-0d9e-48b0-8442-662e4e580eca,TSLA,2,1,500,2026-02-16 11:43:58,FIRM_B_ACCT_620,FIRM_B,2
e0366b11-5d76-4715-ad34-e90c6b964e19,QQQ,1,1,2500,2026-02-16 11:44:55,FIRM_B_ACCT_504,FIRM_B,2
dd0eba93-542d-4ba4-8964-cec1fbe05b32,TSLA,2,1,100,2026-02-16 11:45:16,FIRM_B_ACCT_468,FIRM_B,2
00ce7825-1c8b-4f92-b155-0d24e05bfeba,AAPL,2,1,200,2026-02-16 11:45:25,FIRM_B_ACCT_916,FIRM_B,2
78a0dea9-ee40-45ef-8911-f43a439ba9b9,AMZN,2,1,2500,2026-02-16 11:45:56,FIRM_A_ACCT_269,FIRM_A,2
84d7df38-c416-402f-a54b-6f28ce2ee202,AMZN,2,1,500,2026-02-16 11:46:43,FIRM_A_ACCT_358,FIRM_A,2
d2f81b6a-2fb7-42a8-be8a-feea702bfdd4,AMZN,1,1,1000,2026-02-16 11:47:04,FIRM_A_ACCT_923,FIRM_A,2
be0c0f01-9d6a-4ccb-a474-d4b708d22ddd,META,1,1,2500,2026-02-16 11:47:19,FIRM_A_ACCT_562,FIRM_A,2
ddf95bda-9515-4dae-920f-dd478c1132bb,QQQ,2,1,2500,2026-02-16 11:47:35,FIRM_B_ACCT_876,FIRM_B,2
9e5120f9-fba1-4c95-b751-38f95affc737,AAPL,1,1,1000,2026-02-16 11:47:44,FIRM_A_ACCT_528,FIRM_A,2
06ebd435-5e0b-48f7-bebd-6127fbbbb6f1,AAPL,1,1,500,2026-02-16 11:50:25,FIRM_B_ACCT_749,FIRM_B,2
2bae27ac-d0e4-412a-a550-78a87ce17de2,TSLA,1,1,500,2026-02-16 11:50:47,FIRM_A_ACCT_974,FIRM_A,2
81be7f03-8303-4758-ae57-bcd3fe7f46f0,AAPL,2,1,1000,2026-02-16 11:50:57,FIRM_B_ACCT_315,FIRM_B,2
00a48747-897c-4f6f-86e5-a91741260600,AMZN,2,1,100,2026-02-16 11:51:31,FIRM_A_ACCT_869,FIRM_A,2
77d34781-87f0-4f0b-85ae-e1aaec807e0d,QQQ,1,1,1000,2026-02-16 11:51:48,FIRM_A_ACCT_202,FIRM_A,2
59247222-0922-4e68-8743-c82d4ccada47,MSFT,1,1,100,2026-02-16 11:52:07,FIRM_B_ACCT_302,FIRM_B,2
82a7cee0-ec35-4230-8355-603559736493,AMZN,1,1,500,2026-02-16 11:52:55,FIRM_A_ACCT_885,FIRM_A,2
d64240b5-83d0-4d52-9bfb-b9a8d37db299,META,2,1,1000,2026-02-16 11:53:01,FIRM_A_ACCT_649,FIRM_A,2
6b18d26f-da17-4065-9c55-4f0597a3fe9a,GOOGL,2,1,1000,2026-02-16 11:53:15,FIRM_A_ACCT_798,FIRM_A,2
d6339477-7875-40bc-9f37-82747741688a,TSLA,1,1,1000,2026-02-16 11:54:28,FIRM_B_ACCT_854,FIRM_B,2
5523494f-812d-46a3-876b-1fdcc5142603,TSLA,2,1,500,2026-02-16 11:54:44,FIRM_B_ACCT_980,FIRM_B,2
d040e336-708c-43a4-adfe-d98fee52c739,MSFT,1,1,500,2026-02-16 11:54:53,FIRM_B_ACCT_123,FIRM_B,2
6bc201d3-e086-49cb-99a8-61f07af9400e,META,1,1,100,2026-02-16 11:55:00,FIRM_A_ACCT_277,FIRM_A,2
864de8c1-1a98-4b21-9163-2c2353205b0a,GOOGL,1,1,100,2026-02-16 11:55:01,FIRM_B_ACCT_486,FIRM_B,2
2ffa2770-1afd-43f3-804c-325581a06009,AAPL,2,1,500,2026-02-16 11:55:54,FIRM_B_ACCT_902,FIRM_B,2
1aa5135b-61a0-4cbb-9d88-cef2128809ea,GOOGL,2,1,2500,2026-02-16 11:57:10,FIRM_B_ACCT_962,FIRM_B,2
64a3a7dc-4ab8-4fda-aa68-be83ba18bc50,META,1,1,1000,2026-02-16 11:58:15,FIRM_B_ACCT_142,FIRM_B,2
89c51e0d-8812-4580-89d8-cdd4d2956c56,QQQ,2,1,500,2026-02-16 11:58:29,FIRM_B_ACCT_527,FIRM_B,2
b178a073-ff3d-4a6b-91a3-2c27902b876a,QQQ,1,1,500,2026-02-16 11:58:29,FIRM_A_ACCT_838,FIRM_A,2
ca185f5d-7214-40e1-848c-31452377afeb,MSFT,2,1,1000,2026-02-16 11:58:34,FIRM_B_ACCT_215,FIRM_B,2
c8fdcae9-a03e-4761-b385-1868d0e30f40,TSLA,1,1,100,2026-02-16 11:58:38,FIRM_B_ACCT_350,FIRM_B,2
7377ba87-9923-4b91-9a96-5e59a4a540be,TSLA,1,1,100,2026-02-16 11:58:38,FIRM_B_ACCT_626,FIRM_B,2
227ef689-467a-4298-ab2f-17c70d3934f6,MSFT,1,1,1000,2026-02-16 11:59:09,FIRM_A_ACCT_987,FIRM_A,2
891c9ab4-450e-455d-9848-069fbb7b3a17,AAPL,2,1,100,2026-02-16 11:59:14,FIRM_B_ACCT_838,FIRM_B,2
140f2cb4-06e8-4c1f-9077-f8001c8b1329,SPY,1,1,100,2026-02-16 11:59:38,FIRM_B_ACCT_477,FIRM_B,2
86ecf130-4299-402e-9fa1-3e8f0bb24878,TSLA,1,1,2500,2026-02-16 12:00:18,FIRM_A_ACCT_766,FIRM_A,2
090e073a-8da4-436e-ba8e-ec79bee194ff,TSLA,2,1,500,2026-02-16 12:01:20,FIRM_B_ACCT_895,FIRM_B,2
a28d7273-44bc-47d6-983d-a5bfe15494ea,TSLA,1,1,100,2026-02-16 12:02:16,FIRM_B_ACCT_415,FIRM_B,2
0657a93b-db4c-439d-8607-928c34bedc4c,SPY,2,1,100,2026-02-16 12:02:42,FIRM_B_ACCT_435,FIRM_B,2
8c3f3ce2-d6f4-4a53-94da-d5f41e034401,QQQ,2,1,100,2026-02-16 12:02:43,FIRM_B_ACCT_977,FIRM_B,2
b3180fe0-83d3-4a76-b730-b31c1f8ea546,TSLA,2,1,200,2026-02-16 12:03:22,FIRM_B_ACCT_365,FIRM_B,2
a1234695-cc67-413a-9e41-25b6e7456a4c,AAPL,2,1,500,2026-02-16 12:03:25,FIRM_B_ACCT_659,FIRM_B,2
7c2bdda6-559e-4f14-9192-b94b26a5b861,QQQ,1,1,100,2026-02-16 12:03:26,FIRM_A_ACCT_278,FIRM_A,2
da1cb0ad-c50d-4ed2-92f0-a4c60f2979ee,QQQ,1,1,2500,2026-02-16 12:03:39,FIRM_B_ACCT_960,FIRM_B,2
a793582f-8814-44de-9e31-ca862e899d46,QQQ,1,1,100,2026-02-16 12:03:55,FIRM_A_ACCT_919,FIRM_A,2
8fdc65d8-4163-4c9d-a9c0-63cbdbce4938,SPY,2,1,200,2026-02-16 12:03:58,FIRM_A_ACCT_626,FIRM_A,2
b103bc0f-e6ac-41ed-91c6-b80698c6b398,AMZN,1,1,1000,2026-02-16 12:04:09,FIRM_B_ACCT_572,FIRM_B,2
843ec3d4-a673-480f-a8ee-c4f3347649a7,SPY,2,1,1000,2026-02-16 12:04:22,FIRM_A_ACCT_217,FIRM_A,2
ded25226-8296-4f2e-8156-a594ecf93c4c,SPY,1,1,200,2026-02-16 12:04:33,FIRM_B_ACCT_243,FIRM_B,2
d657c0a1-5e3e-4a2d-b01d-8378b2629dbc,QQQ,2,1,500,2026-02-16 12:05:37,FIRM_B_ACCT_346,FIRM_B,2
be66ed06-bbdc-4feb-82e1-9d51798f8869,AMZN,2,1,100,2026-02-16 12:07:05,FIRM_A_ACCT_496,FIRM_A,2
f27eb9a9-a01c-44a6-86f6-ec7069c0d333,AAPL,2,1,500,2026-02-16 12:07:08,FIRM_A_ACCT_349,FIRM_A,2
680eb298-89bf-4132-b99c-25d69932ee55,TSLA,1,1,2500,2026-02-16 12:07:09,FIRM_A_ACCT_849,FIRM_A,2
d80e990c-3305-4d34-9222-01a9fa419083,SPY,1,1,100,2026-02-16 12:07:42,FIRM_A_ACCT_731,FIRM_A,2
ce5be311-6fce-4b4a-9ff7-ef3ee507a230,SPY,2,1,100,2026-02-16 12:07:52,FIRM_A_ACCT_992,FIRM_A,2
20f4df77-17b5-4987-8bf9-02c34c04a563,AMZN,1,1,500,2026-02-16 12:08:16,FIRM_A_ACCT_434,FIRM_A,2
00ce7427-f792-4b46-a74e-9ba9c9c68d89,MSFT,1,1,500,2026-02-16 12:09:16,FIRM_B_ACCT_318,FIRM_B,2
bd3a8047-5ca5-43b2-b9b8-43105d3b154c,TSLA,2,1,2500,2026-02-16 12:09:56,FIRM_A_ACCT_483,FIRM_A,2
566d9cfd-bbe9-4861-aef4-3268289f4ef2,QQQ,2,1,2500,2026-02-16 12:10:09,FIRM_A_ACCT_381,FIRM_A,2
4baa3845-c921-4c23-b696-5b1555017038,AMZN,2,1,2500,2026-02-16 12:10:14,FIRM_B_ACCT_508,FIRM_B,2
8323049c-5e6e-45b6-b3f9-0f68a95510f8,MSFT,2,1,200,2026-02-16 12:10:15,FIRM_A_ACCT_164,FIRM_A,2
cd18d28f-d4d7-42f5-be31-823b12f522ee,SPY,2,1,100,2026-02-16 12:10:33,FIRM_A_ACCT_428,FIRM_A,2
ea8f61ef-46e9-4167-8b4b-2dad3961e7e7,META,1,1,2500,2026-02-16 12:10:37,FIRM_A_ACCT_397,FIRM_A,2
defc399e-c7b0-4712-97d6-d26a17997f85,AAPL,1,1,200,2026-02-16 12:11:08,FIRM_B_ACCT_139,FIRM_B,2
1ca292ec-5522-4775-87c4-188c77b28bbb,MSFT,1,1,1000,2026-02-16 12:11:52,FIRM_A_ACCT_572,FIRM_A,2
031cc7dd-c797-46e2-b9cf-6850de1a4575,MSFT,2,1,200,2026-02-16 12:11:55,FIRM_B_ACCT_769,FIRM_B,2
e82aae03-c00e-4001-92cc-666d8bc10b3e,MSFT,2,1,1000,2026-02-16 12:12:03,FIRM_B_ACCT_674,FIRM_B,2
36d3f360-42cd-449e-9c5d-1129e5fc2ae4,QQQ,2,1,500,2026-02-16 12:13:04,FIRM_B_ACCT_933,FIRM_B,2
11c3c9fd-24ea-46fe-baa5-a153062f6d20,AAPL,2,1,1000,2026-02-16 12:13:35,FIRM_B_ACCT_380,FIRM_B,2
9b71118d-0b90-46b9-a276-96403132f35d,QQQ,1,1,2500,2026-02-16 12:13:45,FIRM_B_ACCT_914,FIRM_B,2
e9f93089-b884-47b8-aadf-290d86b626a9,META,1,1,100,2026-02-16 12:14:08,FIRM_A_ACCT_944,FIRM_A,2
73ba08ef-9d1f-4be9-a269-537c4b8020a5,MSFT,2,1,2500,2026-02-16 12:14:26,FIRM_A_ACCT_529,FIRM_A,2
cb875f35-90b8-4b7a-9518-549dd6aa0b47,QQQ,1,1,1000,2026-02-16 12:15:03,FIRM_A_ACCT_635,FIRM_A,2
c4e90586-eefb-4d38-97f0-64e1dc89cc28,QQQ,1,1,200,2026-02-16 12:15:17,FIRM_B_ACCT_969,FIRM_B,2
07ce6344-8b85-4548-b097-8161e9650db7,MSFT,1,1,200,2026-02-16 12:15:24,FIRM_A_ACCT_766,FIRM_A,2
3105a270-14f4-49f1-b748-4689ece7b62e,AAPL,1,1,200,2026-02-16 12:16:21,FIRM_B_ACCT_247,FIRM_B,2
d6f5f356-1249-4273-a425-3d90a8734ecd,SPY,2,1,100,2026-02-16 12:16:41,FIRM_A_ACCT_979,FIRM_A,2
b9970736-a2f0-4b08-9457-b16bb048605d,AAPL,2,1,1000,2026-02-16 12:17:01,FIRM_B_ACCT_681,FIRM_B,2
df1143c9-741c-4baa-a5ca-f23c10f36acf,MSFT,2,1,200,2026-02-16 12:17:26,FIRM_A_ACCT_272,FIRM_A,2
2b156093-aa2c-467a-b7ad-0c93804f7287,AAPL,1,1,2500,2026-02-16 12:17:49,FIRM_B_ACCT_758,FIRM_B,2
2515b816-d5c2-48db-89dc-21f1a5dc32f5,TSLA,1,1,100,2026-02-16 12:18:39,FIRM_B_ACCT_321,FIRM_B,2
d94c6983-8a41-4f12-869d-d3156bb8de12,AAPL,2,1,2500,2026-02-16 12:19:07,FIRM_A_ACCT_967,FIRM_A,2
7382b446-53eb-4396-804d-93bbf7d29522,META,1,1,500,2026-02-16 12:19:51,FIRM_B_ACCT_446,FIRM_B,2
ce365a96-ab02-42ff-b37c-9567cc7f914a,TSLA,2,1,2500,2026-02-16 12:20:23,FIRM_A_ACCT_644,FIRM_A,2
a885b2e2-8950-43a2-ada7-de4045ee887b,MSFT,1,1,1000,2026-02-16 12:21:02,FIRM_B_ACCT_512,FIRM_B,2
7d928f6d-ec58-4e9d-854f-ab4fab920028,AAPL,1,1,200,2026-02-16 12:21:23,FIRM_B_ACCT_571,FIRM_B,2
8a45bbf3-5106-44f1-b4ff-6e1e31c564cf,QQQ,1,1,200,2026-02-16 12:22:12,FIRM_B_ACCT_559,FIRM_B,2
2473984c-9d8f-4e1d-91f2-3a915059215c,SPY,1,1,1000,2026-02-16 12:22:23,FIRM_B_ACCT_169,FIRM_B,2
a1e022f5-9507-492d-9e8f-dfb65d4ab0ab,META,2,1,2500,2026-02-16 12:22:46,FIRM_A_ACCT_230,FIRM_A,2
25c8fe8e-7d6e-4d05-a747-1ba2f203c439,QQQ,1,1,200,2026-02-16 12:23:00,FIRM_B_ACCT_809,FIRM_B,2
60a4327b-b7bf-4817-942c-f85170586c37,AMZN,1,1,200,2026-02-16 12:23:02,FIRM_B_ACCT_778,FIRM_B,2
cc024801-c4cd-4956-9173-d71a454d1032,GOOGL,2,1,100,2026-02-16 12:23:06,FIRM_A_ACCT_954,FIRM_A,2
f85e2f0a-0ab5-4352-98b5-1905c39bdf27,AAPL,1,1,1000,2026-02-16 12:23:45,FIRM_A_ACCT_100,FIRM_A,2
239ddaa5-0109-4540-b82c-15067982f9cf,META,1,1,1000,2026-02-16 12:24:05,FIRM_A_ACCT_272,FIRM_A,2
dc89ac22-59b0-4b2a-a500-c74a22684de9,AMZN,1,1,2500,2026-02-16 12:24:12,FIRM_A_ACCT_842,FIRM_A,2
b6d92632-6963-4f76-9563-bb0357d92888,TSLA,2,1,100,2026-02-16 12:24:15,FIRM_A_ACCT_670,FIRM_A,2
38a1cc08-45c6-474e-b203-03c776b7be44,META,1,1,2500,2026-02-16 12:24:16,FIRM_B_ACCT_510,FIRM_B,2
91b73a46-d222-47c0-93cb-45c006c82ebb,META,2,1,100,2026-02-16 12:24:35,FIRM_B_ACCT_448,FIRM_B,2
c12e227e-7a76-486e-8514-6f8fc4440f60,AMZN,1,1,2500,2026-02-16 12:24:40,FIRM_A_ACCT_359,FIRM_A,2
d1d7c5b1-f979-4d98-a8b8-03c4c1a9d8b2,GOOGL,2,1,2500,2026-02-16 12:24:44,FIRM_B_ACCT_352,FIRM_B,2
320050e3-f955-4c8f-974d-b4961a91a3e6,MSFT,1,1,100,2026-02-16 12:25:09,FIRM_A_ACCT_156,FIRM_A,2
0accde17-39c0-425f-8494-f7898ff703a6,TSLA,2,1,500,2026-02-16 12:25:44,FIRM_A_ACCT_198,FIRM_A,2
c4657160-4d15-4aaa-ae02-43b04896c6a8,SPY,1,1,2500,2026-02-16 12:26:08,FIRM_B_ACCT_653,FIRM_B,2
f41e1f60-d00f-41df-ae95-4639e6e47f87,SPY,1,1,200,2026-02-16 12:26:18,FIRM_B_ACCT_437,FIRM_B,2
c8b66505-7624-43d3-992d-8c759b6a2b46,MSFT,2,1,100,2026-02-16 12:26:58,FIRM_B_ACCT_736,FIRM_B,2
31136605-6f08-445e-9a28-d6d977093da3,MSFT,1,1,500,2026-02-16 12:27:04,FIRM_B_ACCT_470,FIRM_B,2
9385f68e-30ce-4bce-9ae7-aff052278950,META,1,1,2500,2026-02-16 12:27:19,FIRM_A_ACCT_266,FIRM_A,2
94284e86-336d-4135-8024-1a5ed968f9c7,QQQ,2,1,100,2026-02-16 12:27:47,FIRM_B_ACCT_740,FIRM_B,2
682a147d-cad6-4679-bbd6-f70415be6352,SPY,1,1,500,2026-02-16 12:27:52,FIRM_A_ACCT_327,FIRM_A,2
1abf3253-4a26-4bcb-8eae-9b96139badf4,AMZN,1,1,500,2026-02-16 12:28:02,FIRM_A_ACCT_173,FIRM_A,2
88f19c67-99aa-40c0-b752-0a83b047476d,SPY,2,1,200,2026-02-16 12:28:03,FIRM_B_ACCT_650,FIRM_B,2
01873585-01dc-455b-ba34-d28c57c5cc2d,TSLA,2,1,2500,2026-02-16 12:28:48,FIRM_B_ACCT_712,FIRM_B,2
cfb0d6ea-efa8-4413-9fff-a1f39e4351dd,TSLA,2,1,100,2026-02-16 12:29:20,FIRM_B_ACCT_223,FIRM_B,2
4edc8dc5-88ba-4242-ada7-dea3b37c1584,QQQ,2,1,1000,2026-02-16 12:29:33,FIRM_A_ACCT_967,FIRM_A,2
967a0b6a-91ea-441a-81dd-6db4a45eddbc,TSLA,1,1,2500,2026-02-16 12:29:38,FIRM_A_ACCT_949,FIRM_A,2
02ebd615-314d-4b4e-b281-ad94f9af3c69,QQQ,2,1,200,2026-02-16 12:29:59,FIRM_A_ACCT_275,FIRM_A,2
94c10c6f-1b2e-4684-9304-8973d9bb0ff6,AAPL,1,1,200,2026-02-16 12:30:23,FIRM_B_ACCT_179,FIRM_B,2
e2234768-275e-424a-8001-5afae88377ed,QQQ,1,1,200,2026-02-16 12:30:31,FIRM_A_ACCT_190,FIRM_A,2
865b9536-3245-4475-b5f8-52b31604ccce,META,2,1,100,2026-02-16 12:31:44,FIRM_B_ACCT_910,FIRM_B,2
47c0ba86-8e98-414c-9268-f6d4c33515dd,AMZN,1,1,2500,2026-02-16 12:31:50,FIRM_A_ACCT_118,FIRM_A,2
68aac949-506b-4f8b-97b8-9d7020f22d85,TSLA,1,1,500,2026-02-16 12:32:12,FIRM_A_ACCT_440,FIRM_A,2
9490c8c2-7f65-4ee5-8c0e-5de58f8a2bbe,AMZN,1,1,2500,2026-02-16 12:33:01,FIRM_B_ACCT_861,FIRM_B,2
23767bcc-14a0-4626-912d-609bc2039bd3,AMZN,2,1,200,2026-02-16 12:33:41,FIRM_B_ACCT_723,FIRM_B,2
14fd8351-fc52-4fd6-9622-82682362583b,AAPL,2,1,2500,2026-02-16 12:33:51,FIRM_A_ACCT_515,FIRM_A,2
57c458fc-4bf7-4188-bd8e-8b59819875ea,SPY,2,1,2500,2026-02-16 12:34:08,FIRM_A_ACCT_221,FIRM_A,2
978ecf14-9dcb-42d9-836f-62d1a7d9e1b5,TSLA,1,1,2500,2026-02-16 12:34:08,FIRM_A_ACCT_254,FIRM_A,2
a6635456-9073-4305-9a0d-1ba08d775a7d,GOOGL,1,1,500,2026-02-16 12:35:19,FIRM_A_ACCT_828,FIRM_A,2
f39b8ed6-ade2-4533-8dfe-17b2d6ecc59c,GOOGL,2,1,2500,2026-02-16 12:35:40,FIRM_B_ACCT_444,FIRM_B,2
683e41cd-32f7-452c-bd3e-967d3bed262c,AAPL,1,1,100,2026-02-16 12:35:43,FIRM_A_ACCT_850,FIRM_A,2
5dabe091-9081-4eca-b9a3-39c9e9a3d338,SPY,2,1,200,2026-02-16 12:35:58,FIRM_A_ACCT_376,FIRM_A,2
e06a8d3b-2e2e-4b71-b88c-fe48df8beddc,GOOGL,1,1,1000,2026-02-16 12:36:47,FIRM_B_ACCT_856,FIRM_B,2
9eb1bc7d-b8d8-4b8c-9b24-54c93cdec16a,MSFT,1,1,100,2026-02-16 12:36:49,FIRM_A_ACCT_629,FIRM_A,2
f95a6732-ab17-4cec-a585-7503ed8fcd91,QQQ,1,1,2500,2026-02-16 12:37:02,FIRM_A_ACCT_430,FIRM_A,2
369c62bb-23c0-441e-a842-10eae1ba1f97,QQQ,2,1,100,2026-02-16 12:37:18,FIRM_A_ACCT_181,FIRM_A,2
de8e78a8-3398-4ed4-945c-11e5e2828b97,META,1,1,1000,2026-02-16 12:37:41,FIRM_A_ACCT_827,FIRM_A,2
6a47fd55-2c9d-4f48-982a-6b9031d5f774,META,2,1,100,2026-02-16 12:38:07,FIRM_A_ACCT_852,FIRM_A,2
641eb496-db18-417a-8985-412d3ef63dd2,SPY,2,1,200,2026-02-16 12:38:07,FIRM_B_ACCT_770,FIRM_B,2
4a7f4ee2-a139-4059-9906-a90864e869ae,QQQ,1,1,500,2026-02-16 12:38:19,FIRM_A_ACCT_268,FIRM_A,2
c256d90f-1779-490f-9a07-d77622c5829c,TSLA,1,1,100,2026-02-16 12:38:30,FIRM_B_ACCT_605,FIRM_B,2
a779eb03-9a93-47ec-aa2a-88c225444f63,MSFT,2,1,1000,2026-02-16 12:38:34,FIRM_B_ACCT_876,FIRM_B,2
c20ee32f-50b9-424d-8f2a-0f429389eab6,AAPL,1,1,100,2026-02-16 12:38:40,FIRM_A_ACCT_593,FIRM_A,2
cc0bc8ba-c2b7-432f-bc3a-2b93ed37c074,AMZN,1,1,100,2026-02-16 12:39:15,FIRM_A_ACCT_741,FIRM_A,2
70834233-d475-4151-b2b4-f66e65b74698,TSLA,2,1,1000,2026-02-16 12:39:24,FIRM_A_ACCT_619,FIRM_A,2
c139ef90-a8c7-48d0-8eb8-bf64844d2d8a,META,2,1,1000,2026-02-16 12:39:25,FIRM_B_ACCT_826,FIRM_B,2
f95a62b2-de47-4133-8eb4-65598ea58d56,META,2,1,200,2026-02-16 12:39:35,FIRM_A_ACCT_530,FIRM_A,2
265d6354-0d51-4ac9-a792-2b04c233f614,SPY,2,1,1000,2026-02-16 12:39:39,FIRM_A_ACCT_106,FIRM_A,2
28ac7acc-c86e-4098-b9ad-fc1ecbd96a19,QQQ,1,1,1000,2026-02-16 12:39:58,FIRM_A_ACCT_696,FIRM_A,2
12e61b67-7e83-4b54-92f9-dbe3f1493f38,SPY,2,1,100,2026-02-16 12:40:18,FIRM_B_ACCT_833,FIRM_B,2
c4bfd06d-f920-46c1-81be-e630de8991b2,GOOGL,1,1,100,2026-02-16 12:40:27,FIRM_A_ACCT_392,FIRM_A,2
a01846ac-1e5b-447a-847e-180628c2964e,AMZN,1,1,1000,2026-02-16 12:40:49,FIRM_B_ACCT_679,FIRM_B,2
a22ab2b9-29e3-4298-884b-5f45ef6cf0d5,SPY,1,1,1000,2026-02-16 12:41:00,FIRM_B_ACCT_817,FIRM_B,2
7456fedc-87fb-40c3-9687-3f7c73ed84ae,GOOGL,1,1,100,2026-02-16 12:41:34,FIRM_B_ACCT_419,FIRM_B,2
4511a3b9-63be-4b16-8aad-04a7556be262,AMZN,2,1,500,2026-02-16 12:42:18,FIRM_A_ACCT_747,FIRM_A,2
36ed4f5e-c46d-4c4d-b9cc-0e8206109bb9,META,2,1,500,2026-02-16 12:42:30,FIRM_A_ACCT_733,FIRM_A,2
5cbd2ce1-68cc-4aeb-b5b7-84fe86a7a46e,AAPL,1,1,1000,2026-02-16 12:42:34,FIRM_A_ACCT_523,FIRM_A,2
5f14b297-8a2f-4f20-95e6-8109514f164b,MSFT,2,1,500,2026-02-16 12:43:21,FIRM_B_ACCT_851,FIRM_B,2
0c6afba3-c3af-456f-8272-9a4e08ffeeb0,TSLA,1,1,2500,2026-02-16 12:44:08,FIRM_B_ACCT_767,FIRM_B,2
f826e193-5b43-459e-9e2b-66ca1cca6f02,SPY,2,1,2500,2026-02-16 12:44:12,FIRM_B_ACCT_294,FIRM_B,2
153d90f2-a98e-4b39-b5b2-95cfad743d10,AMZN,2,1,100,2026-02-16 12:44:16,FIRM_B_ACCT_474,FIRM_B,2
e0453444-9dc7-4739-aced-b98684fd899c,AAPL,2,1,2500,2026-02-16 12:44:22,FIRM_A_ACCT_715,FIRM_A,2
6513bc4f-725d-40f4-8df5-c7697a22d322,AAPL,2,1,200,2026-02-16 12:44:36,FIRM_B_ACCT_824,FIRM_B,2
b3ecf6cf-b6c0-47cc-8e40-971f1b6abc3f,META,1,1,200,2026-02-16 12:44:44,FIRM_A_ACCT_227,FIRM_A,2
aa243452-ce5f-45d2-bbc2-cf0d1842ac4d,AMZN,1,1,100,2026-02-16 12:44:51,FIRM_A_ACCT_731,FIRM_A,2
e1c19809-87bd-47b6-b683-5ae944ac0f62,QQQ,2,1,2500,2026-02-16 12:44:56,FIRM_A_ACCT_445,FIRM_A,2
58469d2c-2a1b-4d8f-9bb7-0162cbd9e3b3,QQQ,2,1,2500,2026-02-16 12:45:18,FIRM_B_ACCT_425,FIRM_B,2
520ff819-feb4-4aaf-85c3-0e5f3d0cf979,AMZN,1,1,2500,2026-02-16 12:45:34,FIRM_A_ACCT_708,FIRM_A,2
0ef45491-2258-43b3-802d-6f986209353e,GOOGL,2,1,2500,2026-02-16 12:46:04,FIRM_A_ACCT_137,FIRM_A,2
5d64b15f-0c4f-4189-9b97-64e5d5c1ac3a,QQQ,2,1,100,2026-02-16 12:46:45,FIRM_B_ACCT_964,FIRM_B,2
630c58b6-22d3-4523-a640-e75b9a23b278,QQQ,1,1,100,2026-02-16 12:47:14,FIRM_A_ACCT_546,FIRM_A,2
b999acdd-509c-40cc-961d-6d1fe4133df0,MSFT,1,1,500,2026-02-16 12:47:24,FIRM_B_ACCT_857,FIRM_B,2
8c52e14a-513b-46dc-8aa9-a459a08d2303,MSFT,2,1,100,2026-02-16 12:47:28,FIRM_B_ACCT_179,FIRM_B,2
c2b561c6-e82e-4b50-ae0e-4dfdd0dec686,GOOGL,2,1,2500,2026-02-16 12:47:59,FIRM_A_ACCT_584,FIRM_A,2
74032a47-e414-44cc-9cd9-e0f865a076e9,GOOGL,2,1,1000,2026-02-16 12:48:34,FIRM_A_ACCT_456,FIRM_A,2
cc2d441e-3ecc-4dda-ac33-20addca037fd,QQQ,1,1,1000,2026-02-16 12:49:05,FIRM_B_ACCT_322,FIRM_B,2
b1a40114-6f58-4ce8-b349-5022f4312dbd,AMZN,2,1,1000,2026-02-16 12:49:35,FIRM_A_ACCT_733,FIRM_A,2
099d2b12-e0e8-4515-98a4-98d9ec06b6e1,AAPL,1,1,200,2026-02-16 12:49:47,FIRM_B_ACCT_315,FIRM_B,2
90f8981d-285c-42b4-924a-2faaa16238db,AAPL,1,1,500,2026-02-16 12:50:12,FIRM_A_ACCT_341,FIRM_A,2
df9603f7-fc1c-46fd-98ca-b608ffdd5203,GOOGL,2,1,500,2026-02-16 12:50:33,FIRM_B_ACCT_165,FIRM_B,2
eb20f14c-859b-4e92-b64b-71be34792bc0,GOOGL,1,1,1000,2026-02-16 12:50:34,FIRM_B_ACCT_610,FIRM_B,2
8c2faaec-88e3-4945-ae7b-95866b68c1e7,QQQ,2,1,500,2026-02-16 12:50:41,FIRM_B_ACCT_409,FIRM_B,2
dff393e5-2959-42d3-85c1-08b04b5ca52a,META,1,1,2500,2026-02-16 12:50:54,FIRM_A_ACCT_660,FIRM_A,2
2bfd8e42-1a5f-491f-adf7-51f1b9524432,META,2,1,2500,2026-02-16 12:50:57,FIRM_B_ACCT_726,FIRM_B,2
debf22aa-68d7-45c4-a732-b8a682b37299,META,1,1,500,2026-02-16 12:51:10,FIRM_A_ACCT_286,FIRM_A,2
4956cc08-21ee-423a-9c0f-d4bd389390d0,AMZN,1,1,2500,2026-02-16 12:51:25,FIRM_B_ACCT_133,FIRM_B,2
ed43d151-d9e1-43f4-b6be-68a3dfbaa415,QQQ,1,1,200,2026-02-16 12:52:12,FIRM_B_ACCT_381,FIRM_B,2
a8eef0a8-6e54-4536-b3c5-1ad850f588ba,AAPL,2,1,100,2026-02-16 12:52:33,FIRM_B_ACCT_514,FIRM_B,2
db59cae3-641f-40dd-bfeb-1c42fdcd258d,TSLA,1,1,500,2026-02-16 12:53:15,FIRM_A_ACCT_823,FIRM_A,2
9bfdc73d-fb55-4a14-a27b-b0cfbff6f339,QQQ,1,1,200,2026-02-16 12:53:19,FIRM_B_ACCT_602,FIRM_B,2
b687cec2-02d9-4571-8f36-ba5589b59e30,AMZN,1,1,200,2026-02-16 12:53:47,FIRM_B_ACCT_736,FIRM_B,2
ac7f8bae-4e20-4e7b-8bc4-d58c59877685,META,1,1,100,2026-02-16 12:55:02,FIRM_A_ACCT_945,FIRM_A,2
ea5ca13b-e65f-4aa2-a8ed-cda5d6fb31e8,SPY,2,1,500,2026-02-16 12:55:38,FIRM_A_ACCT_990,FIRM_A,2
3daeca90-6dc0-408c-9dfc-5a4e3e16ed10,MSFT,1,1,200,2026-02-16 12:55:47,FIRM_B_ACCT_815,FIRM_B,2
b4d971cc-397d-4c3e-9ab4-23bc6e88d1fc,AAPL,1,1,200,2026-02-16 12:56:25,FIRM_A_ACCT_240,FIRM_A,2
cb875a2b-f25a-4644-95a3-746e346f6ba1,AAPL,1,1,1000,2026-02-16 12:56:42,FIRM_B_ACCT_738,FIRM_B,2
7c5049d6-181d-40d0-99cf-640a079e87cc,META,2,1,100,2026-02-16 12:56:50,FIRM_B_ACCT_322,FIRM_B,2
f5f17b53-e9dc-4758-8a91-185250a6f854,SPY,1,1,500,2026-02-16 12:57:40,FIRM_A_ACCT_918,FIRM_A,2
da543627-132e-4355-87e3-4936bff6b632,AAPL,2,1,200,2026-02-16 12:57:42,FIRM_B_ACCT_626,FIRM_B,2
89441923-8832-4fcd-ab04-eb73f621ebd4,MSFT,1,1,200,2026-02-16 12:58:05,FIRM_B_ACCT_668,FIRM_B,2
ce94a9b1-df85-47c3-a312-17d0cae3c8e6,AAPL,1,1,500,2026-02-16 12:58:52,FIRM_A_ACCT_513,FIRM_A,2
115133e1-dd08-4397-bcfd-abd403cafceb,MSFT,2,1,1000,2026-02-16 12:59:14,FIRM_A_ACCT_586,FIRM_A,2
7ec2fcf7-3b7f-4592-acb3-09244437e97e,AAPL,1,1,500,2026-02-16 12:59:25,FIRM_B_ACCT_403,FIRM_B,2
2072842d-0039-4cb5-b50e-a7603b607d2a,META,2,1,1000,2026-02-16 12:59:51,FIRM_B_ACCT_969,FIRM_B,2
0013b72c-aafa-429b-ab2d-8ad99251c4b4,AMZN,1,1,200,2026-02-16 13:00:20,FIRM_B_ACCT_915,FIRM_B,2
676c1510-8e8a-4842-9143-ceeb6d3650b1,AAPL,1,1,500,2026-02-16 13:00:35,FIRM_A_ACCT_217,FIRM_A,2
a351f6e2-69c7-49e8-aa2c-42fbb4f59563,SPY,2,1,2500,2026-02-16 13:01:00,FIRM_B_ACCT_280,FIRM_B,2
9fd07712-584d-4e63-aa84-8d53021285ab,QQQ,1,1,500,2026-02-16 13:02:07,FIRM_B_ACCT_163,FIRM_B,2
b8c3b2e3-c4e7-4d0e-99f4-ffeccbaa9129,SPY,2,1,2500,2026-02-16 13:02:08,FIRM_A_ACCT_470,FIRM_A,2
1a2b7792-ddb5-43e8-bee8-7e2062797f85,TSLA,1,1,200,2026-02-16 13:02:16,FIRM_A_ACCT_116,FIRM_A,2
f5911277-2786-4929-ae3a-833b45cea31b,META,2,1,200,2026-02-16 13:02:42,FIRM_A_ACCT_225,FIRM_A,2
657c0dc1-a788-43fc-858b-60f2fc22568d,META,2,1,100,2026-02-16 13:04:24,FIRM_A_ACCT_690,FIRM_A,2
3f11b9bd-42fd-4ee6-ae28-ec3894f84913,QQQ,2,1,100,2026-02-16 13:04:49,FIRM_B_ACCT_745,FIRM_B,2
464b33d7-c1e6-4135-b59c-beaff643f9db,AAPL,2,1,1000,2026-02-16 13:05:02,FIRM_A_ACCT_144,FIRM_A,2
8681885f-79c7-4a69-811f-484b5625d656,MSFT,1,1,500,2026-02-16 13:05:15,FIRM_B_ACCT_719,FIRM_B,2
f131ae2e-b073-4984-afaa-880550de9661,MSFT,1,1,100,2026-02-16 13:05:37,FIRM_B_ACCT_741,FIRM_B,2
f214620b-0428-4237-aa8b-e8b870536b1e,SPY,1,1,200,2026-02-16 13:05:50,FIRM_A_ACCT_921,FIRM_A,2
937bed26-2185-4ad3-81aa-b60c60bc22e9,TSLA,1,1,200,2026-02-16 13:06:25,FIRM_B_ACCT_500,FIRM_B,2
37f609a3-222e-4819-bea9-94310095d383,SPY,1,1,2500,2026-02-16 13:06:37,FIRM_A_ACCT_547,FIRM_A,2
577a8cdf-ab90-47b6-a830-3aa7211608ad,GOOGL,1,1,100,2026-02-16 13:07:09,FIRM_B_ACCT_503,FIRM_B,2
6614e570-6df3-4c49-99f2-21a3e666012d,TSLA,2,1,1000,2026-02-16 13:07:10,FIRM_B_ACCT_870,FIRM_B,2
4f40b159-5872-41d6-979c-7403bdc9de5f,META,2,1,100,2026-02-16 13:07:14,FIRM_A_ACCT_853,FIRM_A,2
913b70be-0654-457c-a102-c1e37f4757cf,META,2,1,1000,2026-02-16 13:07:43,FIRM_A_ACCT_334,FIRM_A,2
e108b4e6-7997-4d24-86e0-7bbac3d44fc0,TSLA,2,1,2500,2026-02-16 13:07:45,FIRM_A_ACCT_314,FIRM_A,2
9987ebc1-ea8a-40d5-aac1-e9060567f827,MSFT,1,1,1000,2026-02-16 13:07:53,FIRM_B_ACCT_651,FIRM_B,2
2a0759d2-9994-48c2-8924-8593c882b006,SPY,1,1,100,2026-02-16 13:08:08,FIRM_A_ACCT_637,FIRM_A,2
da22f674-719c-4a3e-9b34-60b256ad8567,MSFT,2,1,100,2026-02-16 13:08:09,FIRM_B_ACCT_226,FIRM_B,2
2ce0f254-dd36-4d3a-8c51-023ecc0b40a3,GOOGL,2,1,200,2026-02-16 13:08:10,FIRM_A_ACCT_731,FIRM_A,2
3c059a4c-50f0-4dd6-b8b6-e821bb3c906e,SPY,2,1,2500,2026-02-16 13:08:13,FIRM_A_ACCT_525,FIRM_A,2
87f3a310-e3c8-4e0d-8f4b-fe915e5c2141,QQQ,1,1,100,2026-02-16 13:08:25,FIRM_A_ACCT_753,FIRM_A,2
4f01202b-d398-4256-baf2-3da22c676ccf,SPY,2,1,100,2026-02-16 13:09:08,FIRM_B_ACCT_397,FIRM_B,2
26c46512-7aac-4f4f-8758-21667d40cbd9,AAPL,1,1,100,2026-02-16 13:10:17,FIRM_A_ACCT_839,FIRM_A,2
28e07f46-979d-40a5-92e3-9963e10d0c5d,TSLA,2,1,500,2026-02-16 13:10:27,FIRM_A_ACCT_808,FIRM_A,2
ea97d684-2934-4970-82a7-614a1fd8f7eb,AAPL,2,1,200,2026-02-16 13:11:25,FIRM_B_ACCT_423,FIRM_B,2
88e286c8-ff06-46e0-b845-c97c80d476ef,TSLA,2,1,100,2026-02-16 13:11:55,FIRM_B_ACCT_585,FIRM_B,2
5ebf41e2-12b1-41d9-b5f7-153b413d8f37,AMZN,1,1,1000,2026-02-16 13:12:16,FIRM_B_ACCT_315,FIRM_B,2
5e8532e0-7355-4014-a03f-7a3d059e54c6,SPY,1,1,500,2026-02-16 13:13:14,FIRM_A_ACCT_529,FIRM_A,2
72c9eef0-c91d-4d0b-9646-0a881c2ace2f,MSFT,2,1,200,2026-02-16 13:13:27,FIRM_A_ACCT_981,FIRM_A,2
45da1305-13b4-4839-a0c0-47d7c835f2c8,MSFT,2,1,2500,2026-02-16 13:13:56,FIRM_A_ACCT_793,FIRM_A,2
5aa97ecf-ec8e-4328-9af4-8d58b0fffce1,META,2,1,1000,2026-02-16 13:14:34,FIRM_B_ACCT_456,FIRM_B,2
a4df2225-472a-436e-b433-6fa3bc7dfb9f,GOOGL,2,1,2500,2026-02-16 13:14:42,FIRM_B_ACCT_427,FIRM_B,2
e9b23e94-9c98-444c-b29e-4802d014420d,SPY,1,1,1000,2026-02-16 13:15:24,FIRM_B_ACCT_933,FIRM_B,2
c508288e-d3a7-4b96-9749-cde59926007e,SPY,2,1,1000,2026-02-16 13:15:52,FIRM_B_ACCT_533,FIRM_B,2
2afa7c29-cd27-4264-b778-35ec88f36fa1,TSLA,2,1,2500,2026-02-16 13:16:17,FIRM_B_ACCT_298,FIRM_B,2
8ced5dbe-5c88-4418-808b-5e68c168d171,AAPL,1,1,2500,2026-02-16 13:16:22,FIRM_B_ACCT_844,FIRM_B,2
a050329a-cc8c-4e2d-bf93-58b32ec2e3f8,META,2,1,1000,2026-02-16 13:16:27,FIRM_A_ACCT_977,FIRM_A,2
350e7c38-8d2f-4946-adc5-6c2b9233fe48,GOOGL,1,1,1000,2026-02-16 13:16:28,FIRM_B_ACCT_711,FIRM_B,2
b264cf0f-c355-4f48-9a5c-3a4ebd80915c,AMZN,1,1,1000,2026-02-16 13:16:59,FIRM_B_ACCT_515,FIRM_B,2
518f6d42-06f9-4288-b255-6899cedb1749,QQQ,2,1,200,2026-02-16 13:19:08,FIRM_B_ACCT_288,FIRM_B,2
70ad1614-f0fc-4be5-8a20-777c6b2a34ae,MSFT,1,1,1000,2026-02-16 13:19:17,FIRM_B_ACCT_187,FIRM_B,2
80ffd3ef-fc78-4f15-8864-8038610942ae,TSLA,1,1,500,2026-02-16 13:19:40,FIRM_A_ACCT_305,FIRM_A,2
79e28b10-9160-47ef-b791-03bcf7768ea1,AMZN,2,1,500,2026-02-16 13:19:55,FIRM_B_ACCT_518,FIRM_B,2
1cad2032-b20a-42d8-af16-338612b3bd4d,MSFT,2,1,200,2026-02-16 13:20:22,FIRM_B_ACCT_941,FIRM_B,2
94550560-dda5-4991-b700-3e7af17ceca7,MSFT,1,1,500,2026-02-16 13:20:26,FIRM_A_ACCT_248,FIRM_A,2
2edc46fc-bc09-4008-9e85-b5ba8768eb42,QQQ,1,1,100,2026-02-16 13:20:34,FIRM_A_ACCT_890,FIRM_A,2
1d8e7a56-d7dc-48a5-9e42-31a040d35424,TSLA,2,1,200,2026-02-16 13:20:36,FIRM_B_ACCT_397,FIRM_B,2
2e98b887-c14d-43af-9d10-cefe1fdf3662,QQQ,1,1,2500,2026-02-16 13:20:44,FIRM_A_ACCT_884,FIRM_A,2
b803839d-4def-4bf0-920e-f08dc6b1e74c,AAPL,1,1,100,2026-02-16 13:20:47,FIRM_A_ACCT_790,FIRM_A,2
11e7cb6a-21e2-49dd-9811-c5070abb6da5,AAPL,2,1,2500,2026-02-16 13:20:52,FIRM_A_ACCT_513,FIRM_A,2
c590de28-5e44-4bf1-abef-493d97ec2a38,QQQ,2,1,200,2026-02-16 13:21:07,FIRM_A_ACCT_265,FIRM_A,2
30262e74-bf86-4f91-b436-8f692766e50e,GOOGL,1,1,200,2026-02-16 13:21:12,FIRM_A_ACCT_626,FIRM_A,2
20a24ed8-785e-4786-a1e2-c591d68c0f95,GOOGL,1,1,2500,2026-02-16 13:21:37,FIRM_B_ACCT_715,FIRM_B,2
98d91f3d-1f13-476b-8793-cabfd47baa53,AAPL,2,1,200,2026-02-16 13:21:47,FIRM_B_ACCT_637,FIRM_B,2
865f6966-3d49-47c9-bb52-2246172b458c,META,1,1,500,2026-02-16 13:21:52,FIRM_A_ACCT_878,FIRM_A,2
bf571df9-e846-4be8-be01-e8a16106044d,AMZN,2,1,500,2026-02-16 13:21:57,FIRM_B_ACCT_633,FIRM_B,2
cda266db-8118-4d3e-9429-211cbf8ffe41,TSLA,2,1,500,2026-02-16 13:22:12,FIRM_A_ACCT_279,FIRM_A,2
66dbe6ac-6fe2-408e-a6ac-97ab16a7a2c8,META,1,1,2500,2026-02-16 13:22:19,FIRM_A_ACCT_337,FIRM_A,2
dcd19161-1b8b-4267-be35-1e6ac94a3345,AMZN,1,1,500,2026-02-16 13:22:32,FIRM_B_ACCT_441,FIRM_B,2
ca50afe9-52bf-4399-81c1-0b82954a6c1a,MSFT,1,1,500,2026-02-16 13:22:46,FIRM_B_ACCT_731,FIRM_B,2
259bdb09-dc12-423e-bbb2-41a20e9b5575,QQQ,1,1,500,2026-02-16 13:22:53,FIRM_A_ACCT_764,FIRM_A,2
bde7c0f1-0afd-4adc-8e60-3c4e9a0ff9e1,TSLA,1,1,500,2026-02-16 13:22:55,FIRM_A_ACCT_243,FIRM_A,2
658ad9a3-b79f-48ca-bf51-f3c49305f651,SPY,1,1,500,2026-02-16 13:23:31,FIRM_A_ACCT_687,FIRM_A,2
c36fa038-181b-4b53-a686-9a3a78b30471,GOOGL,1,1,500,2026-02-16 13:23:58,FIRM_A_ACCT_171,FIRM_A,2
9b28df35-86dd-45a0-bb83-f3d48f18780d,GOOGL,2,1,500,2026-02-16 13:24:41,FIRM_B_ACCT_484,FIRM_B,2
1d88a41a-d2de-47c1-9ce5-9dd07f67ad9a,META,2,1,100,2026-02-16 13:25:23,FIRM_A_ACCT_206,FIRM_A,2
621281e9-b4b8-4a5a-a1d3-a3f0fccb910f,AMZN,2,1,200,2026-02-16 13:25:34,FIRM_B_ACCT_773,FIRM_B,2
1f7706e9-8d42-4bb4-a210-2d20ae62e7bb,AMZN,2,1,1000,2026-02-16 13:26:13,FIRM_B_ACCT_818,FIRM_B,2
2751f0eb-fd65-46dd-8f21-06806ac75f19,META,1,1,200,2026-02-16 13:26:15,FIRM_B_ACCT_147,FIRM_B,2
467cbd79-9bbf-4c1b-8796-41221aaa8156,SPY,2,1,200,2026-02-16 13:26:16,FIRM_A_ACCT_295,FIRM_A,2
34d91a0d-a4ac-4c72-b135-b9169162da7e,AAPL,1,1,500,2026-02-16 13:26:25,FIRM_B_ACCT_313,FIRM_B,2
68af0239-7169-49e2-a936-05ac2bd5599f,AMZN,1,1,200,2026-02-16 13:27:09,FIRM_B_ACCT_250,FIRM_B,2
0cee9a07-b007-4fc5-98d6-eb427c8bf27a,AMZN,1,1,2500,2026-02-16 13:27:24,FIRM_B_ACCT_540,FIRM_B,2
daa6c62e-bab0-4ded-a368-c5749ca84709,TSLA,1,1,1000,2026-02-16 13:27:28,FIRM_A_ACCT_259,FIRM_A,2
f7dc4fa5-1f49-4feb-a23c-57284da3098b,AMZN,1,1,500,2026-02-16 13:28:26,FIRM_A_ACCT_103,FIRM_A,2
938aea73-3fb2-4588-8e69-745f89e2ca2f,TSLA,1,1,100,2026-02-16 13:29:08,FIRM_A_ACCT_530,FIRM_A,2
b26de915-905a-4524-be74-14d0c8890035,META,2,1,2500,2026-02-16 13:29:17,FIRM_A_ACCT_225,FIRM_A,2
6e10a349-fb9c-4803-9006-cfb7d51d1847,SPY,1,1,100,2026-02-16 13:31:09,FIRM_B_ACCT_506,FIRM_B,2
6e6dd451-513c-4d6d-9032-1f4e758a9fcf,GOOGL,1,1,500,2026-02-16 13:31:37,FIRM_A_ACCT_619,FIRM_A,2
1739a923-b9c0-40eb-a76f-441a7fe0a17d,AAPL,2,1,2500,2026-02-16 13:31:43,FIRM_B_ACCT_325,FIRM_B,2
c47dfbbd-edd8-45f9-a3fa-a1cf77caacea,GOOGL,2,1,100,2026-02-16 13:32:14,FIRM_B_ACCT_233,FIRM_B,2
29dafccb-eab1-4962-b170-e62e2d5a4622,META,1,1,1000,2026-02-16 13:32:21,FIRM_B_ACCT_740,FIRM_B,2
5d639494-f96f-4b80-a3fc-9e79f6b2d016,AAPL,2,1,500,2026-02-16 13:32:21,FIRM_B_ACCT_921,FIRM_B,2
4f35275a-a52a-4ab9-8e19-0b865730a395,AAPL,1,1,1000,2026-02-16 13:32:24,FIRM_B_ACCT_816,FIRM_B,2
ec345dab-6af4-4500-aa98-81b204ad323d,TSLA,2,1,100,2026-02-16 13:33:13,FIRM_B_ACCT_295,FIRM_B,2
536f0a89-1e6d-4323-99f5-809f0a4f8b80,META,1,1,2500,2026-02-16 13:33:15,FIRM_B_ACCT_842,FIRM_B,2
2a95a343-1c39-4c03-8af4-f0e18c17699e,GOOGL,2,1,500,2026-02-16 13:34:03,FIRM_A_ACCT_606,FIRM_A,2
4d9f7fc2-1407-473a-a255-2167eb4f6f9a,SPY,2,1,1000,2026-02-16 13:34:17,FIRM_A_ACCT_516,FIRM_A,2
6379068a-8349-44f4-9eec-fd88dbaf0bf8,SPY,2,1,500,2026-02-16 13:34:58,FIRM_A_ACCT_137,FIRM_A,2
3177d691-130e-4449-a94e-2585696f6fbb,META,1,1,200,2026-02-16 13:35:21,FIRM_A_ACCT_785,FIRM_A,2
e5f20a6d-7b3f-4135-99a5-3f7d72ac29be,GOOGL,1,1,100,2026-02-16 13:35:46,FIRM_B_ACCT_968,FIRM_B,2
889e27ca-c398-4df3-b98a-7f07d42a8cf0,QQQ,1,1,200,2026-02-16 13:35:50,FIRM_A_ACCT_791,FIRM_A,2
a768cbdc-87c4-4986-93fe-6f10e0223f3a,GOOGL,2,1,2500,2026-02-16 13:35:53,FIRM_B_ACCT_264,FIRM_B,2
00146325-4001-47bc-8c11-a11857b97dbb,QQQ,2,1,100,2026-02-16 13:36:43,FIRM_B_ACCT_868,FIRM_B,2
59bf74c5-5a74-4b63-ad39-42077f4be5c5,QQQ,1,1,2500,2026-02-16 13:36:53,FIRM_A_ACCT_440,FIRM_A,2
1b147f9f-342a-42f4-bbd8-3082ee81c1cf,META,1,1,200,2026-02-16 13:37:16,FIRM_B_ACCT_159,FIRM_B,2
3d5ee9c9-39ec-4451-bd4d-99a342d7e1c5,AMZN,1,1,1000,2026-02-16 13:38:19,FIRM_B_ACCT_522,FIRM_B,2
ffcfb56f-7f91-428d-b172-a5566b5761d0,AAPL,1,1,1000,2026-02-16 13:38:20,FIRM_A_ACCT_841,FIRM_A,2
c753b428-016b-4eed-a30c-8a7214ca8d2c,MSFT,1,1,1000,2026-02-16 13:38:34,FIRM_A_ACCT_423,FIRM_A,2
9f3a61f4-26c6-4e6f-8f3f-01c629b4325d,GOOGL,1,1,1000,2026-02-16 13:38:57,FIRM_A_ACCT_566,FIRM_A,2
90c1d2f9-30af-463f-89f9-369662d8f26b,TSLA,2,1,100,2026-02-16 13:39:01,FIRM_B_ACCT_857,FIRM_B,2
47452cef-608b-48db-883f-9b188b8ef6d7,META,1,1,1000,2026-02-16 13:39:07,FIRM_B_ACCT_552,FIRM_B,2
c1c97ccf-27fe-4ecb-87e5-0f57c05b721e,QQQ,1,1,100,2026-02-16 13:39:23,FIRM_B_ACCT_532,FIRM_B,2
43c4f6c6-47bb-46ed-b53d-12db7824bb5c,AMZN,1,1,200,2026-02-16 13:39:43,FIRM_B_ACCT_214,FIRM_B,2
cdd0e663-0219-4cd6-8c5d-207d67050cb3,GOOGL,1,1,100,2026-02-16 13:39:49,FIRM_B_ACCT_635,FIRM_B,2
89d80043-a620-4f52-8f11-a21fb927ef72,MSFT,2,1,500,2026-02-16 13:39:52,FIRM_A_ACCT_520,FIRM_A,2
8b52df11-4d6f-4201-bc87-bf2d28d1f9bf,TSLA,1,1,500,2026-02-16 13:40:16,FIRM_B_ACCT_688,FIRM_B,2
a846fdf2-46ff-4722-8141-516884c1c3ab,AMZN,2,1,2500,2026-02-16 13:40:33,FIRM_B_ACCT_428,FIRM_B,2
aa611024-8dcb-47fe-bbec-397389bb2f64,AAPL,2,1,500,2026-02-16 13:41:06,FIRM_A_ACCT_250,FIRM_A,2
62400110-1ad9-4f22-b75b-6316d810e1cb,AMZN,1,1,100,2026-02-16 13:42:29,FIRM_B_ACCT_810,FIRM_B,2
aad287cd-e0bb-4a1e-a51b-f1a533aeba0f,AAPL,1,1,200,2026-02-16 13:42:29,FIRM_B_ACCT_806,FIRM_B,2
881f10af-3df7-4a90-93e0-bc7ed535a7a5,META,1,1,200,2026-02-16 13:42:30,FIRM_A_ACCT_883,FIRM_A,2
04043ced-969e-4642-9d40-90416d49bc16,AMZN,2,1,200,2026-02-16 13:42:35,FIRM_B_ACCT_944,FIRM_B,2
575286f3-c202-4a1a-9d24-dff16106d890,QQQ,2,1,500,2026-02-16 13:42:39,FIRM_A_ACCT_389,FIRM_A,2
2b409818-10f1-4710-a310-7258a757d7e5,SPY,2,1,100,2026-02-16 13:42:55,FIRM_B_ACCT_857,FIRM_B,2
4c5d2a65-59b1-411a-a5a3-90f8ac8c0ef5,QQQ,1,1,200,2026-02-16 13:43:16,FIRM_A_ACCT_348,FIRM_A,2
236f7d7b-f309-42b1-8b61-e4f81d3d3ebd,SPY,2,1,2500,2026-02-16 13:44:38,FIRM_B_ACCT_640,FIRM_B,2
f2de5dce-f100-433f-85e4-d524680fc6de,SPY,2,1,200,2026-02-16 13:44:40,FIRM_B_ACCT_344,FIRM_B,2
b09278e4-84c4-4794-905e-95db1c283855,MSFT,2,1,2500,2026-02-16 13:45:08,FIRM_B_ACCT_745,FIRM_B,2
aa8ab5b8-592d-428c-a944-18ecd21f66d8,AMZN,2,1,500,2026-02-16 13:45:30,FIRM_A_ACCT_785,FIRM_A,2
84ab8ac2-c821-46e2-8309-0cddbba5ab76,TSLA,2,1,500,2026-02-16 13:46:25,FIRM_B_ACCT_488,FIRM_B,2
f15c715c-6578-4b0d-b512-753b231657e9,AAPL,2,1,500,2026-02-16 13:48:23,FIRM_B_ACCT_610,FIRM_B,2
aa40c463-2f8c-4cca-bfd3-c5b955ebd53a,GOOGL,2,1,1000,2026-02-16 13:48:26,FIRM_B_ACCT_643,FIRM_B,2
7379eab9-c767-40d0-9f70-5274d5529ccf,AMZN,2,1,2500,2026-02-16 13:48:35,FIRM_A_ACCT_694,FIRM_A,2
668ff121-1e35-4163-a618-caf2fb5104c0,SPY,2,1,1000,2026-02-16 13:48:40,FIRM_B_ACCT_100,FIRM_B,2
ceee944a-45f2-4bbb-a4dc-c435dc3803ed,TSLA,2,1,500,2026-02-16 13:49:01,FIRM_B_ACCT_573,FIRM_B,2
423a45d8-dd16-4d48-ab62-cd6485a5e955,GOOGL,1,1,1000,2026-02-16 13:49:29,FIRM_B_ACCT_339,FIRM_B,2
b2a53aa6-9029-4ab6-965d-3de1bb43be4c,MSFT,1,1,100,2026-02-16 13:49:42,FIRM_B_ACCT_477,FIRM_B,2
939c05ac-8df8-4f01-a1cb-44b4d002f05b,TSLA,1,1,500,2026-02-16 13:49:51,FIRM_B_ACCT_797,FIRM_B,2
da747b27-1492-4db3-9a78-4fe3d0497f73,GOOGL,1,1,1000,2026-02-16 13:49:57,FIRM_B_ACCT_294,FIRM_B,2
d39df742-a910-475e-bd63-0e719799a5ad,AMZN,2,1,1000,2026-02-16 13:50:01,FIRM_B_ACCT_960,FIRM_B,2
cca8fe87-dd33-42e0-9357-b9c9b1d04aac,SPY,1,1,1000,2026-02-16 13:50:42,FIRM_B_ACCT_356,FIRM_B,2
4405f628-4819-47b3-aa89-b21c80cbb500,MSFT,1,1,2500,2026-02-16 13:51:07,FIRM_B_ACCT_652,FIRM_B,2
54e5039d-8045-42d9-9384-ff41b29d46c7,SPY,2,1,1000,2026-02-16 13:51:43,FIRM_B_ACCT_451,FIRM_B,2
dd570cbe-64b5-44ca-a996-6116ee6451a8,TSLA,2,1,2500,2026-02-16 13:52:54,FIRM_B_ACCT_543,FIRM_B,2
d1d3b3a8-7d05-43f6-8b17-91341f3ed2c1,TSLA,2,1,2500,2026-02-16 13:53:09,FIRM_B_ACCT_753,FIRM_B,2
5ebdd48f-ad51-4a80-972d-89e37d0d56f5,GOOGL,2,1,500,2026-02-16 13:53:47,FIRM_B_ACCT_119,FIRM_B,2
1a0a3224-bb47-4f3c-a497-bbe312c292ab,TSLA,1,1,1000,2026-02-16 13:53:48,FIRM_A_ACCT_484,FIRM_A,2
3d0eb3ab-4694-4eb1-bea7-74caf942aa57,QQQ,1,1,100,2026-02-16 13:54:18,FIRM_A_ACCT_870,FIRM_A,2
6e8f8666-5ecb-4f3e-821f-eb2e7edaab62,MSFT,1,1,100,2026-02-16 13:55:24,FIRM_A_ACCT_110,FIRM_A,2
10035b46-1afd-4c0e-8dd5-304eae4a5133,MSFT,1,1,500,2026-02-16 13:55:27,FIRM_A_ACCT_460,FIRM_A,2
bcbb31b3-e68e-4981-88ea-fb2264b1f4c3,GOOGL,1,1,500,2026-02-16 13:55:38,FIRM_A_ACCT_514,FIRM_A,2
3394d07c-1511-4a18-8d25-da7228233c92,META,2,1,100,2026-02-16 13:55:47,FIRM_A_ACCT_930,FIRM_A,2
8a1e597d-caf9-4025-87af-3ead76515f76,AMZN,2,1,500,2026-02-16 13:55:47,FIRM_A_ACCT_838,FIRM_A,2
1c17c684-45de-4e12-b767-cd8a34a1f2b6,QQQ,1,1,100,2026-02-16 13:55:57,FIRM_B_ACCT_366,FIRM_B,2
f7bd7f46-bbd3-42df-a29d-6432b24a4613,META,2,1,1000,2026-02-16 13:56:05,FIRM_A_ACCT_767,FIRM_A,2
a08f81da-28ff-45ff-8cec-49e72b3b9a06,QQQ,2,1,100,2026-02-16 13:56:14,FIRM_A_ACCT_100,FIRM_A,2
10bc4753-42cb-40c7-a2a7-43d4074909fa,META,2,1,1000,2026-02-16 13:56:36,FIRM_B_ACCT_175,FIRM_B,2
e4e2faba-70f9-427a-8667-987092a0cebb,QQQ,2,1,200,2026-02-16 13:56:53,FIRM_B_ACCT_404,FIRM_B,2
f09fac45-87a2-4661-8c61-865964c06043,MSFT,2,1,2500,2026-02-16 13:58:01,FIRM_B_ACCT_333,FIRM_B,2
6bd74deb-65e0-409b-81ac-6b513c5f6622,GOOGL,1,1,500,2026-02-16 13:58:14,FIRM_B_ACCT_747,FIRM_B,2
4277c95a-8bb0-47eb-8f0c-d85512c850d0,QQQ,2,1,200,2026-02-16 13:58:17,FIRM_A_ACCT_748,FIRM_A,2
ed15c5dc-7ac9-4f90-9175-1297df061c0c,AAPL,2,1,2500,2026-02-16 13:58:24,FIRM_A_ACCT_135,FIRM_A,2
45ac5a37-e6f8-418c-9c36-f406db5db7fe,GOOGL,1,1,100,2026-02-16 13:58:36,FIRM_B_ACCT_885,FIRM_B,2
ed6d4baa-4579-4540-a36b-fe67f9d78867,SPY,1,1,1000,2026-02-16 14:00:41,FIRM_B_ACCT_256,FIRM_B,2
84a3f636-a949-4ce9-8726-3b2d7395b90f,GOOGL,1,1,1000,2026-02-16 14:00:54,FIRM_A_ACCT_110,FIRM_A,2
1475d645-5dea-47cf-9815-dddb6c5bab99,TSLA,2,1,2500,2026-02-16 14:01:17,FIRM_B_ACCT_243,FIRM_B,2
bf5d76db-2530-40bd-a10b-580b46a71cab,AMZN,2,1,2500,2026-02-16 14:01:33,FIRM_B_ACCT_713,FIRM_B,2
3eb7898f-c449-483a-8223-10e98b00fc9f,GOOGL,1,1,200,2026-02-16 14:01:50,FIRM_B_ACCT_393,FIRM_B,2
f255067d-e33d-42f4-b044-ec9eede52293,SPY,2,1,2500,2026-02-16 14:03:00,FIRM_B_ACCT_276,FIRM_B,2
cd39ddef-6d42-48f8-b29e-a9f879996f27,MSFT,1,1,100,2026-02-16 14:03:02,FIRM_A_ACCT_250,FIRM_A,2
a647ff69-01cb-4f5f-8f7a-4cd96f85f7cb,AMZN,2,1,1000,2026-02-16 14:03:50,FIRM_A_ACCT_872,FIRM_A,2
6ea9bb90-c9c0-46c9-81bb-d54b6564cac5,QQQ,1,1,200,2026-02-16 14:04:48,FIRM_A_ACCT_960,FIRM_A,2
b74378e7-ac35-4e3c-891e-127693453a34,TSLA,1,1,200,2026-02-16 14:04:55,FIRM_B_ACCT_695,FIRM_B,2
dd6bfe21-3f71-4af3-b59a-da10c585e390,SPY,2,1,100,2026-02-16 14:05:01,FIRM_A_ACCT_410,FIRM_A,2
72ae497c-1faf-48e6-88e6-98bc66eb490d,QQQ,2,1,100,2026-02-16 14:05:08,FIRM_A_ACCT_421,FIRM_A,2
9e5d060e-b8b9-4261-b3ff-1ab03ad41100,GOOGL,2,1,100,2026-02-16 14:05:21,FIRM_A_ACCT_395,FIRM_A,2
e49a6a53-aba2-478b-845b-cc82551728d3,GOOGL,2,1,2500,2026-02-16 14:05:23,FIRM_A_ACCT_467,FIRM_A,2
621173c6-cc44-4bfb-ad99-edf2e5747e45,MSFT,2,1,1000,2026-02-16 14:05:33,FIRM_B_ACCT_930,FIRM_B,2
568cc669-1ea8-4510-a928-a33deeda7b1d,GOOGL,2,1,2500,2026-02-16 14:05:40,FIRM_A_ACCT_178,FIRM_A,2
b6ca23e2-aed0-45a7-ad09-90919e74e68b,AAPL,1,1,2500,2026-02-16 14:05:50,FIRM_B_ACCT_855,FIRM_B,2
a91acead-5c79-4cb4-a1c6-af89290edd12,GOOGL,1,1,1000,2026-02-16 14:06:05,FIRM_A_ACCT_819,FIRM_A,2
16d9f73f-6316-4864-8cff-947c596d6652,AMZN,2,1,500,2026-02-16 14:06:07,FIRM_A_ACCT_692,FIRM_A,2
4d483103-0b68-4bfd-ab86-3369f61b1d12,TSLA,1,1,2500,2026-02-16 14:06:14,FIRM_A_ACCT_765,FIRM_A,2
2233dba7-dded-4410-93dd-fb26cec28a45,GOOGL,1,1,1000,2026-02-16 14:07:03,FIRM_B_ACCT_248,FIRM_B,2
1a5b012e-f44c-45c5-af69-2b4117c30afe,QQQ,1,1,100,2026-02-16 14:07:18,FIRM_A_ACCT_805,FIRM_A,2
27092c88-f178-47e2-aa28-5c8ec5722e15,TSLA,2,1,2500,2026-02-16 14:07:28,FIRM_B_ACCT_454,FIRM_B,2
6188ca58-4671-4bde-9e14-5b0b242619d9,SPY,2,1,100,2026-02-16 14:07:29,FIRM_B_ACCT_716,FIRM_B,2
191a3ebb-fbda-49f7-9f0f-a6ef026f9011,QQQ,1,1,500,2026-02-16 14:07:47,FIRM_B_ACCT_758,FIRM_B,2
dc82df1f-5823-4204-ad7d-be695e9f31f7,QQQ,1,1,1000,2026-02-16 14:09:06,FIRM_B_ACCT_590,FIRM_B,2
f38cb690-ddaa-4d0a-ac6d-4824628e3516,META,2,1,2500,2026-02-16 14:09:40,FIRM_B_ACCT_604,FIRM_B,2
61ee931e-9efd-4ae8-9a70-cc31b5c33ecc,MSFT,2,1,500,2026-02-16 14:09:40,FIRM_B_ACCT_233,FIRM_B,2
c647ea09-d686-4f7f-9afe-91e13b081356,AMZN,2,1,200,2026-02-16 14:10:05,FIRM_B_ACCT_463,FIRM_B,2
77be44c7-25b2-4266-b5f4-156b6b624011,META,1,1,500,2026-02-16 14:10:25,FIRM_A_ACCT_103,FIRM_A,2
10d2b096-8506-4597-a07f-654fc1acaa74,SPY,2,1,500,2026-02-16 14:10:42,FIRM_A_ACCT_492,FIRM_A,2
f4a599ba-f39b-442d-845f-27157c13090e,META,2,1,1000,2026-02-16 14:11:08,FIRM_B_ACCT_178,FIRM_B,2
becb8192-2089-4456-99e3-3f423aeb54a5,TSLA,2,1,100,2026-02-16 14:11:51,FIRM_B_ACCT_550,FIRM_B,2
71c29e01-5584-4574-ba93-5391a17c69a2,META,1,1,100,2026-02-16 14:12:09,FIRM_B_ACCT_470,FIRM_B,2
ebe9493f-483e-4a8a-ae92-2962c55d6fad,SPY,2,1,100,2026-02-16 14:12:21,FIRM_A_ACCT_494,FIRM_A,2
2a5fe7a9-6f4a-4c29-9f01-1a1496607e68,SPY,1,1,1000,2026-02-16 14:12:33,FIRM_B_ACCT_484,FIRM_B,2
68f912d6-3aa3-4322-94b0-d63bc5c95740,SPY,1,1,500,2026-02-16 14:13:19,FIRM_A_ACCT_880,FIRM_A,2
ba4d3428-9eb0-4ab8-b50f-ff0207ca74c8,TSLA,1,1,500,2026-02-16 14:14:15,FIRM_B_ACCT_849,FIRM_B,2
bae9f30e-cc52-49d3-93fa-8304c246c46f,AAPL,2,1,100,2026-02-16 14:14:32,FIRM_B_ACCT_588,FIRM_B,2
591eb66c-fb47-4450-bcd4-a6b578eae9b6,AAPL,1,1,1000,2026-02-16 14:14:33,FIRM_A_ACCT_442,FIRM_A,2
7d014d6d-d29e-4448-a142-618238aa4cec,SPY,2,1,500,2026-02-16 14:14:37,FIRM_A_ACCT_428,FIRM_A,2
37224e20-69ba-44dc-944c-deacf8139a25,AMZN,2,1,100,2026-02-16 14:16:05,FIRM_B_ACCT_545,FIRM_B,2
09a36d0b-8d9d-427e-ab56-b184cc7e0fbe,AMZN,2,1,500,2026-02-16 14:16:31,FIRM_A_ACCT_682,FIRM_A,2
07e43165-5fb2-418e-8511-c1d91c3ce70d,AAPL,1,1,100,2026-02-16 14:16:33,FIRM_A_ACCT_562,FIRM_A,2
f2fee901-a67d-4ca5-bb29-977a4ed75499,QQQ,2,1,500,2026-02-16 14:16:41,FIRM_A_ACCT_109,FIRM_A,2
20aabd2e-d06a-4bc0-9f98-8e27d2b08ed7,META,1,1,100,2026-02-16 14:18:45,FIRM_B_ACCT_582,FIRM_B,2
a56047f7-163f-48ac-b5cc-6b56e2afc712,META,1,1,200,2026-02-16 14:19:52,FIRM_B_ACCT_892,FIRM_B,2
3a690304-dc15-4211-aec0-0d5e0a49608c,AMZN,1,1,1000,2026-02-16 14:20:26,FIRM_A_ACCT_346,FIRM_A,2
13edbb10-6ede-4ee6-bb67-ff00a2aeb676,QQQ,1,1,100,2026-02-16 14:21:34,FIRM_A_ACCT_108,FIRM_A,2
52d2c7d7-e463-4257-8572-0da29cb84a80,AAPL,2,1,100,2026-02-16 14:21:40,FIRM_B_ACCT_897,FIRM_B,2
2caf3484-d5e2-46e9-b949-29f16a2de986,AMZN,2,1,100,2026-02-16 14:22:05,FIRM_B_ACCT_778,FIRM_B,2
2b162fae-3e02-4768-b66b-d81494085d79,SPY,2,1,2500,2026-02-16 14:23:02,FIRM_B_ACCT_808,FIRM_B,2
b8a57ab7-f6e9-44c9-9534-4e6f8396a518,MSFT,2,1,2500,2026-02-16 14:23:12,FIRM_B_ACCT_677,FIRM_B,2
2dd3fca4-d7d7-4f2e-ab42-d1b8dede4ba7,META,2,1,100,2026-02-16 14:23:19,FIRM_B_ACCT_937,FIRM_B,2
b75dcd97-c73b-46e8-a722-ccef078e3c53,SPY,2,1,100,2026-02-16 14:23:19,FIRM_A_ACCT_847,FIRM_A,2
03508648-9480-41db-b199-bd1fdb7a1a13,GOOGL,1,1,200,2026-02-16 14:23:43,FIRM_A_ACCT_925,FIRM_A,2
881ff9b5-5ae2-4bd7-87fc-efccccb2257e,TSLA,2,1,200,2026-02-16 14:24:07,FIRM_A_ACCT_127,FIRM_A,2
3cca033c-65a0-4a67-aba2-729b2c97778c,TSLA,2,1,1000,2026-02-16 14:24:19,FIRM_B_ACCT_107,FIRM_B,2
632fc906-e851-4622-8492-619beed747b1,SPY,2,1,100,2026-02-16 14:24:50,FIRM_B_ACCT_751,FIRM_B,2
309150be-e499-4082-86b6-3bd3372b13bc,GOOGL,1,1,1000,2026-02-16 14:24:53,FIRM_A_ACCT_653,FIRM_A,2
6da89da7-037d-44d8-833a-43a9350393bd,TSLA,2,1,200,2026-02-16 14:25:14,FIRM_B_ACCT_614,FIRM_B,2
58427fc0-9a6e-460f-9b2f-a43fa5a321c5,AAPL,1,1,100,2026-02-16 14:25:19,FIRM_A_ACCT_297,FIRM_A,2
ee835d3c-b572-4756-8343-7920c3ebc814,AAPL,1,1,500,2026-02-16 14:25:31,FIRM_A_ACCT_359,FIRM_A,2
73b66560-4a48-4ddc-8e7f-bf65508e78ca,TSLA,2,1,200,2026-02-16 14:25:35,FIRM_A_ACCT_375,FIRM_A,2
058f108b-d8cb-4629-b898-e7afcdaa96b7,AAPL,2,1,200,2026-02-16 14:25:37,FIRM_A_ACCT_253,FIRM_A,2
0a81962c-dfbb-46e8-9559-0a9b11fe9808,QQQ,1,1,200,2026-02-16 14:25:51,FIRM_A_ACCT_529,FIRM_A,2
765f859d-e895-4716-a5ec-473d0e1b4bc6,TSLA,1,1,500,2026-02-16 14:26:13,FIRM_A_ACCT_768,FIRM_A,2
89894119-1d20-4a6b-a0e7-4de3c467a759,SPY,1,1,100,2026-02-16 14:26:20,FIRM_A_ACCT_373,FIRM_A,2
309af9d0-361f-43d8-9415-026670328e6e,QQQ,1,1,100,2026-02-16 14:26:37,FIRM_B_ACCT_113,FIRM_B,2
42e9a6e2-45b0-48d0-973c-2eac9876e973,AAPL,2,1,200,2026-02-16 14:26:38,FIRM_A_ACCT_382,FIRM_A,2
ff4db6ad-0a9e-41e3-8c96-342eda87670a,AAPL,1,1,1000,2026-02-16 14:27:31,FIRM_A_ACCT_930,FIRM_A,2
9bee400f-d915-4323-82ca-c2147b951c72,AMZN,2,1,100,2026-02-16 14:27:34,FIRM_A_ACCT_637,FIRM_A,2
1421f0fa-ba76-41df-91eb-0818cdb52c62,AMZN,1,1,100,2026-02-16 14:27:35,FIRM_A_ACCT_971,FIRM_A,2
482296c0-f58c-44d1-80f2-1891f4732ea0,META,1,1,2500,2026-02-16 14:27:42,FIRM_A_ACCT_866,FIRM_A,2
26d0ab2b-bd94-4bf7-909d-46e6d8c6eaf2,TSLA,1,1,200,2026-02-16 14:27:49,FIRM_A_ACCT_483,FIRM_A,2
e196f1e4-9608-4df3-87fd-ec0821c14b4e,AAPL,1,1,2500,2026-02-16 14:27:58,FIRM_B_ACCT_915,FIRM_B,2
3929c04a-7675-4d8a-a4e7-528bd0b8acdc,SPY,2,1,1000,2026-02-16 14:29:28,FIRM_B_ACCT_462,FIRM_B,2
415609a3-581e-4b2b-8e05-63b683d4abd4,SPY,2,1,500,2026-02-16 14:30:02,FIRM_A_ACCT_848,FIRM_A,2
64381fb3-9240-4127-89e0-d973050100a3,AMZN,1,1,1000,2026-02-16 14:30:06,FIRM_B_ACCT_465,FIRM_B,2
d8f795a1-5bf9-4677-854e-62472d7564f4,META,2,1,500,2026-02-16 14:30:56,FIRM_B_ACCT_583,FIRM_B,2
2d1ad5ff-0df6-483d-8894-0ac1da94d61f,GOOGL,2,1,1000,2026-02-16 14:31:24,FIRM_B_ACCT_340,FIRM_B,2
c6fedc1c-e252-4b41-9c66-b6eacee846c2,SPY,2,1,100,2026-02-16 14:32:03,FIRM_B_ACCT_887,FIRM_B,2
08a91efc-97f0-437a-ab1b-731c0d6dfc9a,AMZN,2,1,2500,2026-02-16 14:32:10,FIRM_A_ACCT_163,FIRM_A,2
fada1877-3bf3-440a-b65c-dc73b8e32196,TSLA,2,1,500,2026-02-16 14:32:11,FIRM_A_ACCT_600,FIRM_A,2
8beff675-bc3b-4a2e-9788-a36bafc252ca,MSFT,1,1,2500,2026-02-16 14:32:17,FIRM_A_ACCT_288,FIRM_A,2
9aef1def-5a88-44e8-a05c-2857142a6014,SPY,2,1,500,2026-02-16 14:32:25,FIRM_B_ACCT_626,FIRM_B,2
cfbd2ffd-1980-4452-9d65-22246de75294,SPY,2,1,1000,2026-02-16 14:32:37,FIRM_A_ACCT_287,FIRM_A,2
bf74937d-3cc6-44fb-bce9-25ac5b8238c1,AMZN,1,1,500,2026-02-16 14:34:21,FIRM_B_ACCT_135,FIRM_B,2
ebe37c81-80ed-46ec-9b1e-7d8827dd474b,AMZN,2,1,1000,2026-02-16 14:35:49,FIRM_A_ACCT_687,FIRM_A,2
a776aa00-1ef7-421c-bb0a-26828d9f8636,AAPL,1,1,500,2026-02-16 14:35:56,FIRM_B_ACCT_651,FIRM_B,2
8c2a9bc8-a0d7-4e11-80bd-3e63d717e819,AAPL,1,1,500,2026-02-16 14:36:00,FIRM_B_ACCT_697,FIRM_B,2
842a8c11-fc62-44b2-82c1-bcdc7f8abe81,AMZN,2,1,100,2026-02-16 14:36:02,FIRM_B_ACCT_218,FIRM_B,2
12738ca6-81b9-4509-8b67-332782201a5d,SPY,1,1,2500,2026-02-16 14:36:40,FIRM_A_ACCT_432,FIRM_A,2
304a2df6-43dc-45fe-88ad-41445dc9fb46,SPY,1,1,200,2026-02-16 14:36:52,FIRM_A_ACCT_928,FIRM_A,2
f2c90aa3-4dba-41e5-95a2-6a7647eeb024,TSLA,2,1,2500,2026-02-16 14:37:55,FIRM_A_ACCT_905,FIRM_A,2
6dc5bb56-e108-4a7b-a82f-d3a648a92595,META,2,1,100,2026-02-16 14:37:57,FIRM_A_ACCT_614,FIRM_A,2
ba1c523b-0de9-4617-8c93-a3356c73d910,TSLA,1,1,100,2026-02-16 14:39:17,FIRM_B_ACCT_327,FIRM_B,2
fce5ff12-826c-45dd-b554-a80c30677932,MSFT,1,1,2500,2026-02-16 14:40:11,FIRM_B_ACCT_353,FIRM_B,2
93bab06c-0d80-4f3f-81e5-b9242f4ec169,AAPL,1,1,200,2026-02-16 14:40:17,FIRM_B_ACCT_145,FIRM_B,2
96f983b4-f729-4e2a-bf2a-86859bfb2b58,AAPL,1,1,2500,2026-02-16 14:40:53,FIRM_B_ACCT_434,FIRM_B,2
49f5bf31-e8a1-4e75-bd98-3acc19ea9548,META,1,1,100,2026-02-16 14:41:09,FIRM_A_ACCT_938,FIRM_A,2
c4820fcf-e348-4722-aa16-47a1f68d3a81,SPY,2,1,1000,2026-02-16 14:41:20,FIRM_A_ACCT_527,FIRM_A,2
2c7b510d-916a-47cf-8e94-a012b3c21a9c,QQQ,2,1,200,2026-02-16 14:41:36,FIRM_A_ACCT_410,FIRM_A,2
9b093596-bf1a-4c0e-ab64-6254f0a85105,META,1,1,2500,2026-02-16 14:41:44,FIRM_B_ACCT_596,FIRM_B,2
4caf1b5d-a6d1-4bb9-b63f-13b78f421e40,META,2,1,500,2026-02-16 14:42:33,FIRM_A_ACCT_446,FIRM_A,2
e672d5c7-aec9-4b8a-b667-b281dab72438,SPY,1,1,1000,2026-02-16 14:43:27,FIRM_B_ACCT_853,FIRM_B,2
b564d52d-fb3d-4f2c-8d30-c6b384bd0069,TSLA,2,1,200,2026-02-16 14:44:16,FIRM_B_ACCT_430,FIRM_B,2
dc978144-634a-41b3-8912-7faf9baa4672,MSFT,1,1,1000,2026-02-16 14:44:23,FIRM_A_ACCT_373,FIRM_A,2
bad592a3-28b6-49c4-bafc-758c8dd12c32,SPY,2,1,200,2026-02-16 14:44:57,FIRM_A_ACCT_979,FIRM_A,2
8606e713-59cf-48ee-9b25-ec30ffca1ff5,TSLA,2,1,2500,2026-02-16 14:45:10,FIRM_A_ACCT_513,FIRM_A,2
343ea98c-2433-4035-9acf-e13142ee3f0a,MSFT,1,1,2500,2026-02-16 14:46:00,FIRM_B_ACCT_951,FIRM_B,2
8601651d-31ce-4db9-9939-d714b8b80332,TSLA,1,1,2500,2026-02-16 14:46:39,FIRM_A_ACCT_453,FIRM_A,2
dc8157ae-9e6f-4e14-a090-1f9925d09760,AMZN,1,1,200,2026-02-16 14:46:53,FIRM_B_ACCT_469,FIRM_B,2
1418a3de-2737-478d-9c61-0ced6dd90672,GOOGL,1,1,100,2026-02-16 14:47:20,FIRM_A_ACCT_905,FIRM_A,2
1278eed4-8a76-4bfd-b980-d56e9c41bf42,MSFT,1,1,200,2026-02-16 14:47:23,FIRM_B_ACCT_890,FIRM_B,2
9de419a1-fa7a-4328-a75f-ab5a6448b437,AMZN,2,1,500,2026-02-16 14:48:10,FIRM_B_ACCT_470,FIRM_B,2
77b68658-52fd-4f70-a71f-bf13f7b0ed96,QQQ,2,1,2500,2026-02-16 14:48:29,FIRM_A_ACCT_113,FIRM_A,2
9f718313-d1e9-4511-8075-a3c70356d5c9,QQQ,1,1,200,2026-02-16 14:48:36,FIRM_A_ACCT_737,FIRM_A,2
5b6f5ccf-2ea5-4d7c-92f6-d382ae51807e,QQQ,1,1,1000,2026-02-16 14:48:53,FIRM_B_ACCT_725,FIRM_B,2
3586f482-7e4f-4698-b185-f87c6f8e7748,TSLA,2,1,2500,2026-02-16 14:48:56,FIRM_A_ACCT_400,FIRM_A,2
5dbc826b-d843-4d13-9f7f-6b74316e118d,TSLA,2,1,100,2026-02-16 14:49:08,FIRM_B_ACCT_680,FIRM_B,2
f89b2f17-8fc0-4b85-8345-3268cf2351d4,TSLA,2,1,500,2026-02-16 14:49:10,FIRM_A_ACCT_174,FIRM_A,2
6eb0580e-03bf-4f93-b165-93c1b974a289,GOOGL,2,1,200,2026-02-16 14:49:42,FIRM_B_ACCT_597,FIRM_B,2
1b546aa7-c494-4797-b8c1-da252a743e68,META,1,1,2500,2026-02-16 14:49:44,FIRM_B_ACCT_569,FIRM_B,2
db817b99-03db-4ebd-b838-6c4e36e15c48,TSLA,2,1,500,2026-02-16 14:49:54,FIRM_A_ACCT_985,FIRM_A,2
4c84e0c2-bc84-4cd9-8eaf-f18d5f824a70,GOOGL,2,1,100,2026-02-16 14:50:11,FIRM_A_ACCT_442,FIRM_A,2
a2b78092-7552-4461-975f-5087027c7c57,GOOGL,2,1,500,2026-02-16 14:50:28,FIRM_B_ACCT_283,FIRM_B,2
914ea5f3-94e7-414d-9d07-2f8c81b1c6a3,MSFT,1,1,200,2026-02-16 14:50:36,FIRM_B_ACCT_392,FIRM_B,2
9e7cb752-2c6b-4f85-bcab-9821bc32406a,TSLA,1,1,100,2026-02-16 14:50:40,FIRM_B_ACCT_540,FIRM_B,2
cff16309-62b0-4d73-874a-03349e1dde9b,QQQ,2,1,1000,2026-02-16 14:51:21,FIRM_B_ACCT_968,FIRM_B,2
cba43e24-3eaf-4c6c-9bac-5803562cede5,META,2,1,2500,2026-02-16 14:51:36,FIRM_B_ACCT_892,FIRM_B,2
1d5dd963-daee-4b93-ba09-62cbd1aa7eab,GOOGL,2,1,1000,2026-02-16 14:52:00,FIRM_B_ACCT_653,FIRM_B,2
ff756a65-ac84-492e-950c-23d0aa6c081c,GOOGL,2,1,200,2026-02-16 14:52:06,FIRM_A_ACCT_389,FIRM_A,2
ae55a510-2153-4efd-b72d-120a9bbf1f3d,GOOGL,1,1,200,2026-02-16 14:52:16,FIRM_B_ACCT_476,FIRM_B,2
b3f87bf5-c0b5-4d9e-aea5-1d6e42b0e302,AAPL,1,1,1000,2026-02-16 14:52:24,FIRM_A_ACCT_765,FIRM_A,2
9175df65-757a-403a-b6e9-7a63d8bfe23f,QQQ,1,1,500,2026-02-16 14:52:27,FIRM_B_ACCT_853,FIRM_B,2
1c1296cb-6484-48af-8b31-471c206d3cd9,AAPL,2,1,200,2026-02-16 14:52:44,FIRM_B_ACCT_311,FIRM_B,2
643fdd5c-b457-4695-80fd-6118c9e90379,MSFT,2,1,100,2026-02-16 14:53:26,FIRM_B_ACCT_742,FIRM_B,2
324e21b8-8611-40e3-8904-17e999272c44,SPY,2,1,2500,2026-02-16 14:53:42,FIRM_A_ACCT_564,FIRM_A,2
f48fd384-ff90-48d5-9ad4-48ae16204431,MSFT,1,1,100,2026-02-16 14:54:12,FIRM_B_ACCT_152,FIRM_B,2
6397f0e6-6867-4b54-9664-cc68499af9de,AAPL,2,1,2500,2026-02-16 14:54:12,FIRM_A_ACCT_619,FIRM_A,2
dac1791a-8ebb-4622-8d2d-0c4180899189,SPY,2,1,500,2026-02-16 14:54:20,FIRM_A_ACCT_720,FIRM_A,2
8542d4f6-3560-47ed-b0c9-de34b92e657f,MSFT,1,1,2500,2026-02-16 14:54:26,FIRM_B_ACCT_870,FIRM_B,2
318e311d-a0dc-4dbe-9013-275b6c74c677,META,2,1,1000,2026-02-16 14:54:38,FIRM_B_ACCT_892,FIRM_B,2
9be6e53a-e21f-43d7-9b56-2d26b36f3c0d,AMZN,1,1,2500,2026-02-16 14:54:48,FIRM_A_ACCT_910,FIRM_A,2
c6014597-e59e-4629-9216-bf5751656041,AMZN,1,1,1000,2026-02-16 14:55:27,FIRM_B_ACCT_765,FIRM_B,2
c1edd215-357c-4efe-b88c-f5dc697cc9bc,GOOGL,2,1,1000,2026-02-16 14:55:39,FIRM_B_ACCT_595,FIRM_B,2
2828dcd3-bb24-409d-b833-d853904018fd,MSFT,1,1,100,2026-02-16 14:55:40,FIRM_A_ACCT_101,FIRM_A,2
275e8367-f7b0-4580-96e7-a5a26df2379b,AAPL,2,1,1000,2026-02-16 14:56:29,FIRM_B_ACCT_530,FIRM_B,2
44e19076-bd58-44e3-9899-722226c3b651,QQQ,2,1,2500,2026-02-16 14:57:07,FIRM_A_ACCT_890,FIRM_A,2
8efd266a-b562-44e9-adcc-517db146eb6f,QQQ,2,1,100,2026-02-16 14:57:07,FIRM_B_ACCT_599,FIRM_B,2
1c361b4d-878f-4784-838c-2d1812ced962,GOOGL,1,1,200,2026-02-16 14:58:13,FIRM_A_ACCT_479,FIRM_A,2
98b6112c-0053-4555-8874-ef680f759a47,META,2,1,2500,2026-02-16 14:58:36,FIRM_B_ACCT_734,FIRM_B,2
670e0885-397b-4877-acf8-ae12785d0901,QQQ,1,1,500,2026-02-16 14:58:44,FIRM_A_ACCT_125,FIRM_A,2
54f114e6-95d9-4902-b2b2-b590eae80449,GOOGL,2,1,2500,2026-02-16 14:58:47,FIRM_A_ACCT_355,FIRM_A,2
03661140-c08a-4582-a6bb-c3187e10b8fc,QQQ,2,1,100,2026-02-16 14:59:03,FIRM_B_ACCT_606,FIRM_B,2
e377375b-4ce0-45c8-8cef-b3f299d8844d,AMZN,2,1,100,2026-02-16 14:59:58,FIRM_A_ACCT_806,FIRM_A,2
638c4a83-ecb4-412c-ae97-85d5d962dc90,TSLA,1,1,200,2026-02-16 15:00:07,FIRM_B_ACCT_610,FIRM_B,2
466b27bf-9c1d-4e67-8234-6521ad2874a2,META,2,1,1000,2026-02-16 15:00:54,FIRM_B_ACCT_386,FIRM_B,2
9d83ae05-1d73-4af2-89e3-8a7652407088,META,1,1,100,2026-02-16 15:01:02,FIRM_A_ACCT_301,FIRM_A,2
bd80ee4a-230e-47b2-a5d3-0947464079bc,META,2,1,2500,2026-02-16 15:01:43,FIRM_B_ACCT_302,FIRM_B,2
e57b3ead-2ca4-4903-8ff6-4af9f8e9a837,GOOGL,2,1,500,2026-02-16 15:02:13,FIRM_A_ACCT_368,FIRM_A,2
f34c2443-c86f-43b3-823e-675ba525c946,GOOGL,2,1,200,2026-02-16 15:03:04,FIRM_B_ACCT_593,FIRM_B,2
6bcf849e-0b65-4ba3-acfa-f152ce900257,GOOGL,2,1,1000,2026-02-16 15:03:05,FIRM_A_ACCT_200,FIRM_A,2
7bcd6685-0d05-4d13-af5a-9b20fb475d9b,META,1,1,1000,2026-02-16 15:03:05,FIRM_B_ACCT_950,FIRM_B,2
3d027b4d-2980-42f8-babe-9a93f3eb85df,QQQ,1,1,500,2026-02-16 15:03:06,FIRM_B_ACCT_851,FIRM_B,2
947239c7-2985-4f2a-882f-61c9c6c5462b,MSFT,2,1,100,2026-02-16 15:03:08,FIRM_A_ACCT_969,FIRM_A,2
a8a66990-ba6e-4b8d-8c4e-51241cac48ca,QQQ,1,1,100,2026-02-16 15:03:58,FIRM_A_ACCT_498,FIRM_A,2
824ac542-7c3a-4c2a-adfc-ba16d7764af7,MSFT,2,1,500,2026-02-16 15:04:56,FIRM_A_ACCT_505,FIRM_A,2
f851a9d5-9e5d-40a7-9095-b469d7352102,GOOGL,1,1,200,2026-02-16 15:05:05,FIRM_A_ACCT_286,FIRM_A,2
bb62e667-4cca-48ea-888a-cc70b8a8911a,TSLA,2,1,1000,2026-02-16 15:05:19,FIRM_B_ACCT_470,FIRM_B,2
538da782-d829-4c68-a060-caf6903dd9c3,GOOGL,2,1,1000,2026-02-16 15:05:41,FIRM_A_ACCT_861,FIRM_A,2
56edf9ea-bef9-461f-b858-4b7a37b9bdeb,QQQ,2,1,2500,2026-02-16 15:05:48,FIRM_B_ACCT_493,FIRM_B,2
2415df93-689a-4e7c-8027-09a963c56409,META,2,1,2500,2026-02-16 15:06:32,FIRM_A_ACCT_128,FIRM_A,2
64fa858b-4967-4a99-9ab5-c7de8eb8788f,AMZN,1,1,200,2026-02-16 15:07:09,FIRM_A_ACCT_160,FIRM_A,2
aa69ee53-7bd6-4074-8642-c66464da02d1,META,1,1,200,2026-02-16 15:07:19,FIRM_A_ACCT_826,FIRM_A,2
2a736f9b-cf31-45aa-9855-59349b830f7b,QQQ,2,1,500,2026-02-16 15:07:59,FIRM_B_ACCT_520,FIRM_B,2
15836d26-8adc-4bb2-92a1-36ceb7086405,GOOGL,1,1,1000,2026-02-16 15:08:02,FIRM_A_ACCT_782,FIRM_A,2
d5213b00-119b-4bac-999b-84df1f3aa234,META,2,1,500,2026-02-16 15:08:19,FIRM_A_ACCT_273,FIRM_A,2
bd2e6a12-4ae4-402e-aa33-518e9a06eb39,SPY,2,1,2500,2026-02-16 15:08:28,FIRM_B_ACCT_574,FIRM_B,2
42f743d4-49e9-41eb-aa3f-bd3944c00f42,META,2,1,500,2026-02-16 15:09:10,FIRM_A_ACCT_758,FIRM_A,2
23974ddb-eedd-48d2-87ce-3fd2c8efbbc7,META,1,1,500,2026-02-16 15:09:37,FIRM_A_ACCT_763,FIRM_A,2
cfa2d2e5-68be-4a08-ac9e-36a8b8ce8406,QQQ,2,1,2500,2026-02-16 15:09:47,FIRM_A_ACCT_251,FIRM_A,2
7747219a-15e1-4f49-b4dd-31321332a61d,GOOGL,1,1,500,2026-02-16 15:10:23,FIRM_B_ACCT_770,FIRM_B,2
6b68618d-01c6-4a70-80d3-6087bc800a0d,AMZN,1,1,1000,2026-02-16 15:10:28,FIRM_B_ACCT_840,FIRM_B,2
3a40c751-fb19-4bcd-8e80-803ec3e4f657,MSFT,1,1,1000,2026-02-16 15:10:39,FIRM_A_ACCT_558,FIRM_A,2
c9bd7fbf-83f2-41b8-a48f-976fd43ebbd7,AMZN,1,1,100,2026-02-16 15:11:11,FIRM_B_ACCT_515,FIRM_B,2
71905f39-fbc6-44f6-bc22-0ffcee4091f5,QQQ,2,1,1000,2026-02-16 15:12:14,FIRM_A_ACCT_210,FIRM_A,2
d6c10319-7ffe-42a0-b76a-1cd5a8a3ba85,SPY,2,1,1000,2026-02-16 15:12:58,FIRM_B_ACCT_837,FIRM_B,2
a34a9291-dd44-4b56-b087-24bd40a788d3,SPY,2,1,2500,2026-02-16 15:13:25,FIRM_B_ACCT_920,FIRM_B,2
d1ce2509-666a-45a2-9357-ab196f2a6e46,GOOGL,2,1,2500,2026-02-16 15:14:10,FIRM_A_ACCT_542,FIRM_A,2
1904e22e-e9c2-4911-846e-8af65e8e94d2,GOOGL,2,1,1000,2026-02-16 15:14:15,FIRM_A_ACCT_700,FIRM_A,2
ac2fdae0-5409-46bf-b99c-838568f52c02,META,1,1,100,2026-02-16 15:14:35,FIRM_B_ACCT_424,FIRM_B,2
481fe445-5bff-40b5-85f5-49f83af96f0f,AMZN,2,1,200,2026-02-16 15:14:51,FIRM_A_ACCT_639,FIRM_A,2
e2afe009-c3a9-4f3e-99dc-ba7ec137da63,AAPL,2,1,200,2026-02-16 15:15:07,FIRM_B_ACCT_424,FIRM_B,2
372c03c4-76ad-4c6e-ab34-434e3c58d1bc,AMZN,1,1,2500,2026-02-16 15:15:20,FIRM_B_ACCT_270,FIRM_B,2
b7de7100-a927-445c-a503-8b0887ea6186,GOOGL,2,1,2500,2026-02-16 15:16:50,FIRM_B_ACCT_715,FIRM_B,2
6f3a8e51-721a-483c-be69-b4401055db5b,AAPL,2,1,1000,2026-02-16 15:17:36,FIRM_B_ACCT_941,FIRM_B,2
c1ab58f0-47d9-4237-a09d-fe9cebc03223,MSFT,1,1,200,2026-02-16 15:17:52,FIRM_A_ACCT_179,FIRM_A,2
b32d5fcc-6bb4-432c-a337-07bf464cf984,GOOGL,2,1,1000,2026-02-16 15:17:52,FIRM_B_ACCT_137,FIRM_B,2
c86b8aba-cd6a-4f95-bc6f-d80db3e61f6c,META,1,1,500,2026-02-16 15:17:56,FIRM_B_ACCT_909,FIRM_B,2
711a21ca-392e-4a45-afd4-383724928ae4,TSLA,1,1,200,2026-02-16 15:18:09,FIRM_A_ACCT_362,FIRM_A,2
39b70d75-b662-4f46-acad-db53d6b46c63,MSFT,1,1,100,2026-02-16 15:18:42,FIRM_A_ACCT_925,FIRM_A,2
4d6f6a23-4cb9-443f-adf1-49e500411721,AMZN,1,1,500,2026-02-16 15:18:49,FIRM_A_ACCT_112,FIRM_A,2
c336c762-63dc-46ff-abec-df28124a8759,QQQ,2,1,500,2026-02-16 15:19:09,FIRM_B_ACCT_821,FIRM_B,2
55f5cd70-617b-4a0a-bd5f-bf2f45751a45,AAPL,1,1,200,2026-02-16 15:19:22,FIRM_A_ACCT_708,FIRM_A,2
696e1e3c-d114-404e-a435-17d30b36583c,META,2,1,500,2026-02-16 15:19:22,FIRM_A_ACCT_589,FIRM_A,2
4aa34cd2-cba3-4d23-a325-e46992b77b16,QQQ,2,1,500,2026-02-16 15:19:41,FIRM_B_ACCT_738,FIRM_B,2
ef5e7074-4d5d-4a90-bbd9-5b0f1726eddd,MSFT,2,1,100,2026-02-16 15:19:43,FIRM_A_ACCT_762,FIRM_A,2
22ebb682-ec0a-4f05-a2b3-08542418d03a,GOOGL,2,1,100,2026-02-16 15:19:51,FIRM_A_ACCT_463,FIRM_A,2
7de084f8-5563-4eae-afc2-7ca34f307039,MSFT,2,1,1000,2026-02-16 15:19:58,FIRM_A_ACCT_977,FIRM_A,2
27bb5eab-5e35-4bae-a72c-6111a22c3a08,QQQ,2,1,500,2026-02-16 15:20:52,FIRM_A_ACCT_758,FIRM_A,2
9d409b97-c0e3-4f2b-a890-738331104f93,AAPL,1,1,200,2026-02-16 15:21:23,FIRM_A_ACCT_856,FIRM_A,2
28345b02-5b29-4472-9055-85a6a0e89187,SPY,2,1,2500,2026-02-16 15:21:25,FIRM_B_ACCT_781,FIRM_B,2
3f590ba5-7985-4c05-ab98-c566ba0bb2fb,AAPL,1,1,1000,2026-02-16 15:21:33,FIRM_B_ACCT_295,FIRM_B,2
8ff5559d-4b2d-484d-8a1a-02458f149811,AAPL,2,1,500,2026-02-16 15:21:46,FIRM_A_ACCT_580,FIRM_A,2
5b0614ad-dde6-485c-8553-6f0dcf65f6bc,GOOGL,1,1,100,2026-02-16 15:21:52,FIRM_A_ACCT_331,FIRM_A,2
2ca2ab98-2092-420f-b4a2-a4cf66bc27f8,GOOGL,2,1,1000,2026-02-16 15:21:55,FIRM_B_ACCT_307,FIRM_B,2
509c0913-d12f-4f77-8431-8e359c501cc8,GOOGL,2,1,100,2026-02-16 15:22:00,FIRM_A_ACCT_548,FIRM_A,2
2a9bd3fa-0c3c-444c-8f31-5cb79d73df36,GOOGL,2,1,200,2026-02-16 15:22:13,FIRM_A_ACCT_384,FIRM_A,2
1094b69b-0074-4d51-ac17-cf1cc1143e5c,TSLA,2,1,200,2026-02-16 15:22:51,FIRM_B_ACCT_898,FIRM_B,2
5728b497-c801-49b9-86a9-a46c181c648a,SPY,1,1,2500,2026-02-16 15:22:53,FIRM_B_ACCT_408,FIRM_B,2
fc2362f4-60a5-4861-b683-11aed9cd2548,MSFT,1,1,100,2026-02-16 15:22:53,FIRM_A_ACCT_537,FIRM_A,2
8c32871a-bec4-4510-a2d1-736732fd2abb,AAPL,2,1,500,2026-02-16 15:24:31,FIRM_A_ACCT_708,FIRM_A,2
efb40279-ab49-4def-9bcf-2f1576933be2,QQQ,2,1,2500,2026-02-16 15:24:39,FIRM_B_ACCT_514,FIRM_B,2
22c13e4a-c9e0-404e-931e-a5bbbd59d9a6,MSFT,2,1,100,2026-02-16 15:24:49,FIRM_A_ACCT_475,FIRM_A,2
71ef05ee-77f4-480c-ab0c-d5a3dc46322d,AAPL,1,1,100,2026-02-16 15:24:53,FIRM_A_ACCT_256,FIRM_A,2
6cc5c26c-56e1-4ec5-9adf-3268bf0597c9,GOOGL,2,1,200,2026-02-16 15:25:01,FIRM_B_ACCT_723,FIRM_B,2
9d954dcc-0ed7-463d-a68f-c504b61dbfeb,QQQ,2,1,2500,2026-02-16 15:25:15,FIRM_A_ACCT_913,FIRM_A,2
e531486b-0488-4f76-a747-f063a7ffab24,AMZN,1,1,2500,2026-02-16 15:25:33,FIRM_A_ACCT_326,FIRM_A,2
573861d4-fca0-4305-b859-ef14e96848e8,AAPL,2,1,100,2026-02-16 15:25:58,FIRM_B_ACCT_549,FIRM_B,2
a5189c73-1c4e-44ea-942f-dd64a83ba143,GOOGL,2,1,200,2026-02-16 15:25:59,FIRM_A_ACCT_128,FIRM_A,2
bddf8a47-ebce-4546-b77c-4484acf36384,SPY,2,1,2500,2026-02-16 15:26:13,FIRM_A_ACCT_564,FIRM_A,2
39b1bb93-cef5-4939-a517-238a8ac526fb,AMZN,2,1,1000,2026-02-16 15:26:34,FIRM_B_ACCT_833,FIRM_B,2
477d335d-c5a2-4af1-9021-09ac88c492c5,GOOGL,1,1,200,2026-02-16 15:27:29,FIRM_B_ACCT_941,FIRM_B,2
405a798a-e8fb-4895-b5dd-fe3a90164266,AAPL,1,1,200,2026-02-16 15:27:44,FIRM_B_ACCT_106,FIRM_B,2
5f61fd6a-668f-4513-b7f5-55a9733d5ef3,AMZN,1,1,1000,2026-02-16 15:28:21,FIRM_B_ACCT_818,FIRM_B,2
72bc527c-1e7c-4f17-8d34-5dfc087af304,AAPL,1,1,500,2026-02-16 15:28:33,FIRM_A_ACCT_974,FIRM_A,2
3b8a0127-abc3-4e0f-9351-65ced88416aa,META,2,1,200,2026-02-16 15:29:14,FIRM_B_ACCT_926,FIRM_B,2
ef72b066-848b-4fcb-9b9e-21433998c273,AMZN,2,1,1000,2026-02-16 15:29:15,FIRM_A_ACCT_193,FIRM_A,2
ac41fd2f-c2f5-441d-bdba-d54f77ecc83d,META,1,1,100,2026-02-16 15:29:50,FIRM_A_ACCT_950,FIRM_A,2
9e95bb9f-6545-43c4-a8a9-743798dcf9e7,QQQ,2,1,2500,2026-02-16 15:29:56,FIRM_B_ACCT_875,FIRM_B,2
23677836-b6b5-4335-a818-87e10ceb9fc9,AAPL,1,1,500,2026-02-16 15:30:26,FIRM_A_ACCT_687,FIRM_A,2
4440685c-d724-419f-b05c-dd2e8d24eb17,SPY,2,1,500,2026-02-16 15:30:39,FIRM_B_ACCT_887,FIRM_B,2
ec755310-c4a1-4c03-9b6f-1cd32647ad1e,AAPL,1,1,200,2026-02-16 15:31:41,FIRM_B_ACCT_543,FIRM_B,2
b8f3d552-2ffc-4906-bf9d-7b061e9148eb,GOOGL,1,1,200,2026-02-16 15:31:43,FIRM_A_ACCT_439,FIRM_A,2
40af05c0-2f56-4bf5-bcc0-e38a552b1c5d,QQQ,2,1,200,2026-02-16 15:32:22,FIRM_B_ACCT_426,FIRM_B,2
d04593e0-ba28-41ca-9a94-396a76eff131,AAPL,1,1,100,2026-02-16 15:32:27,FIRM_B_ACCT_522,FIRM_B,2
910d498f-e82d-454a-aea4-b96f2f7eb0ff,AMZN,1,1,100,2026-02-16 15:32:44,FIRM_B_ACCT_916,FIRM_B,2
52e9cbb8-707d-4319-8a76-a13bb8ccc089,AMZN,2,1,1000,2026-02-16 15:32:51,FIRM_B_ACCT_967,FIRM_B,2
78360798-e4dc-45b5-b4b5-0a74c7da15f1,AAPL,2,1,200,2026-02-16 15:33:14,FIRM_B_ACCT_288,FIRM_B,2
557d2a9a-450d-46e3-953f-5ef9ded3a457,AMZN,1,1,200,2026-02-16 15:33:15,FIRM_A_ACCT_182,FIRM_A,2
a04cc65f-492b-42c3-8391-2ed72cfa7a97,TSLA,2,1,200,2026-02-16 15:33:48,FIRM_B_ACCT_918,FIRM_B,2
161b9887-b29c-48b9-8c04-d811660d0e76,META,2,1,500,2026-02-16 15:34:01,FIRM_A_ACCT_662,FIRM_A,2
6caba3db-8e75-4b0b-8662-ad8976fe546b,TSLA,1,1,2500,2026-02-16 15:34:16,FIRM_B_ACCT_121,FIRM_B,2
eaec6b60-5971-4a3a-b62c-f28ef3d8030f,QQQ,1,1,1000,2026-02-16 15:34:40,FIRM_B_ACCT_883,FIRM_B,2
8ea83fbd-7c22-44fd-989f-41ce490107e9,SPY,2,1,1000,2026-02-16 15:35:12,FIRM_B_ACCT_586,FIRM_B,2
a40221c3-ecd1-4eff-9d22-50c58ef890fa,META,1,1,500,2026-02-16 15:35:42,FIRM_B_ACCT_885,FIRM_B,2
6af7b850-5d83-4968-b449-6505ea4ae545,SPY,1,1,1000,2026-02-16 15:35:45,FIRM_A_ACCT_999,FIRM_A,2
41d7370b-02d6-483e-b691-1cb7950a6dae,GOOGL,1,1,2500,2026-02-16 15:36:04,FIRM_B_ACCT_148,FIRM_B,2
142eb66b-821d-4a35-956c-1f0394027570,GOOGL,1,1,1000,2026-02-16 15:36:04,FIRM_A_ACCT_513,FIRM_A,2
1d17bbaf-33b7-4ed2-8ccc-bf742b9b1e77,SPY,1,1,500,2026-02-16 15:36:22,FIRM_A_ACCT_942,FIRM_A,2
11367611-0d4e-4d9e-8204-728a1f9d9a2d,META,2,1,100,2026-02-16 15:36:25,FIRM_B_ACCT_160,FIRM_B,2
90d76e7f-e7ba-49c6-8afd-79b931aba6fe,AAPL,2,1,1000,2026-02-16 15:36:40,FIRM_B_ACCT_731,FIRM_B,2
a31f9d88-d843-41a9-9e1c-53f3cc57a4ef,QQQ,2,1,1000,2026-02-16 15:36:50,FIRM_B_ACCT_660,FIRM_B,2
bed380f7-8089-4009-b95c-b4f17b0049a5,META,1,1,100,2026-02-16 15:36:54,FIRM_B_ACCT_521,FIRM_B,2
de61e8d7-3cf4-4ac9-b334-18fe74128a43,AMZN,2,1,100,2026-02-16 15:37:17,FIRM_A_ACCT_745,FIRM_A,2
5be5e8ee-5a1d-4148-aa8f-671df06bfede,META,1,1,2500,2026-02-16 15:37:27,FIRM_B_ACCT_403,FIRM_B,2
5c885c6b-5229-4085-92c9-669dbf16e9c0,GOOGL,2,1,500,2026-02-16 15:37:46,FIRM_B_ACCT_421,FIRM_B,2
6cec1f91-d29c-490b-8681-77154eb24143,AMZN,2,1,100,2026-02-16 15:38:02,FIRM_A_ACCT_155,FIRM_A,2
97c4e622-aa51-4a7d-994f-bdf3c087096b,GOOGL,1,1,200,2026-02-16 15:38:39,FIRM_A_ACCT_985,FIRM_A,2
4357cdbd-a6da-4266-ad39-7163bde82629,TSLA,2,1,200,2026-02-16 15:38:41,FIRM_B_ACCT_564,FIRM_B,2
45347da3-7533-4780-a7de-782ada1e0e9c,META,2,1,2500,2026-02-16 15:38:45,FIRM_A_ACCT_360,FIRM_A,2
24970947-033c-4699-b979-9f48fced65ef,AAPL,1,1,200,2026-02-16 15:39:08,FIRM_B_ACCT_432,FIRM_B,2
ab0c09ab-1b01-4b5e-928f-5aa658f86c08,GOOGL,1,1,1000,2026-02-16 15:39:42,FIRM_B_ACCT_915,FIRM_B,2
42c9c238-a8d7-42bd-a868-a52cc28e9e97,AMZN,2,1,1000,2026-02-16 15:39:42,FIRM_B_ACCT_291,FIRM_B,2
221f86bf-092a-41b0-8178-5d7de578e717,AAPL,2,1,1000,2026-02-16 15:40:06,FIRM_A_ACCT_752,FIRM_A,2
9c347657-175e-4671-963a-ee3e75f812ab,SPY,2,1,1000,2026-02-16 15:40:09,FIRM_B_ACCT_375,FIRM_B,2
a64daf4b-daeb-4284-bfec-ab993d44e8e9,AAPL,1,1,1000,2026-02-16 15:40:21,FIRM_A_ACCT_638,FIRM_A,2
4516d90a-00cd-4ca2-8986-4b88c1fedd5a,META,1,1,100,2026-02-16 15:40:39,FIRM_B_ACCT_720,FIRM_B,2
1c138a4c-38fe-4c48-ab16-91ee0eecc6d4,TSLA,2,1,2500,2026-02-16 15:40:51,FIRM_A_ACCT_540,FIRM_A,2
cd894183-e24f-4a3f-8b26-2fd84d71a6f8,META,1,1,200,2026-02-16 15:41:43,FIRM_A_ACCT_137,FIRM_A,2
13a3a56e-ac25-4d48-bedc-4a809216c14a,AAPL,2,1,2500,2026-02-16 15:41:46,FIRM_A_ACCT_118,FIRM_A,2
8be5dc9c-cf42-43dc-abd0-ee3cba60b267,AMZN,2,1,500,2026-02-16 15:42:05,FIRM_A_ACCT_600,FIRM_A,2
568293d6-ff31-4876-977e-3e08b12a5f82,GOOGL,2,1,100,2026-02-16 15:42:13,FIRM_A_ACCT_930,FIRM_A,2
ccaaa393-983f-4d65-8c15-0fd8e98176da,SPY,1,1,200,2026-02-16 15:42:58,FIRM_B_ACCT_263,FIRM_B,2
48dacec5-ff44-4666-88ec-fc62faf27736,SPY,1,1,2500,2026-02-16 15:43:14,FIRM_B_ACCT_858,FIRM_B,2
d14a34b5-a026-4fcb-ad7a-2d786a82a56c,MSFT,1,1,2500,2026-02-16 15:43:26,FIRM_B_ACCT_174,FIRM_B,2
14a023c5-527d-4771-8f72-c5f8e3bdd6ff,META,1,1,500,2026-02-16 15:43:44,FIRM_A_ACCT_754,FIRM_A,2
36cf2baa-716a-4b80-8895-664c753c9ad3,GOOGL,2,1,2500,2026-02-16 15:44:24,FIRM_B_ACCT_511,FIRM_B,2
adc70900-8b7b-491a-a93f-2ebcb5084f31,AAPL,1,1,2500,2026-02-16 15:44:39,FIRM_B_ACCT_420,FIRM_B,2
d8812f19-a0fb-4796-9bda-675bd0eddb44,AMZN,2,1,1000,2026-02-16 15:44:49,FIRM_A_ACCT_501,FIRM_A,2
248b86e1-2c21-49e2-a717-9bc694d1747e,TSLA,2,1,1000,2026-02-16 15:45:07,FIRM_B_ACCT_746,FIRM_B,2
4fd8e963-59f7-4c89-88aa-bfeb92d4354c,TSLA,2,1,500,2026-02-16 15:45:46,FIRM_B_ACCT_739,FIRM_B,2
ce9758f6-eaf0-4ef4-816a-bf96641328e5,GOOGL,1,1,2500,2026-02-16 15:45:51,FIRM_B_ACCT_110,FIRM_B,2
f5ed7ab9-64b9-42ca-9de7-5d507a472df8,GOOGL,2,1,500,2026-02-16 15:46:31,FIRM_B_ACCT_714,FIRM_B,2
c608f004-5cea-4640-b8f6-6c4fbd0db69a,META,1,1,2500,2026-02-16 15:46:52,FIRM_A_ACCT_552,FIRM_A,2
07effbd8-f18a-42d4-8024-95ecdb97826d,SPY,1,1,100,2026-02-16 15:47:17,FIRM_A_ACCT_768,FIRM_A,2
17a122ce-a451-4909-b2bc-fc58441d4e5c,GOOGL,1,1,500,2026-02-16 15:47:21,FIRM_A_ACCT_526,FIRM_A,2
0e9de13e-14a4-467f-bf9c-558c1d2bb1e9,SPY,1,1,2500,2026-02-16 15:47:30,FIRM_B_ACCT_449,FIRM_B,2
3f3f931d-cdf1-4069-8156-31d6a4b587d3,MSFT,1,1,200,2026-02-16 15:47:33,FIRM_B_ACCT_234,FIRM_B,2
598f02f2-ea0f-4307-8bfa-555f13256e63,MSFT,2,1,100,2026-02-16 15:47:40,FIRM_B_ACCT_408,FIRM_B,2
a840fc4b-b9d4-42ee-8c36-10753dcccff9,TSLA,1,1,200,2026-02-16 15:47:45,FIRM_A_ACCT_395,FIRM_A,2
acc0187e-89c9-483b-a5ed-2bf8a4659ea5,SPY,2,1,1000,2026-02-16 15:47:50,FIRM_B_ACCT_652,FIRM_B,2
34eb02c9-1507-41c3-8383-a4393118d8dd,SPY,1,1,500,2026-02-16 15:48:31,FIRM_B_ACCT_392,FIRM_B,2
085ec988-6959-4ed4-aebc-f0f131086a54,GOOGL,2,1,100,2026-02-16 15:49:24,FIRM_B_ACCT_639,FIRM_B,2
b08ce86f-7109-44da-a5de-2ed621280c29,META,1,1,1000,2026-02-16 15:49:24,FIRM_B_ACCT_840,FIRM_B,2
730e1dc5-c081-4f8d-8cd6-6cabd2f8ba97,SPY,1,1,2500,2026-02-16 15:50:11,FIRM_B_ACCT_950,FIRM_B,2
de270860-1d00-4517-b7d1-ab225abaffa0,SPY,1,1,2500,2026-02-16 15:50:31,FIRM_B_ACCT_492,FIRM_B,2
6fcec7ea-b13c-414e-8fed-dbb442c80cb4,MSFT,2,1,1000,2026-02-16 15:50:43,FIRM_B_ACCT_255,FIRM_B,2
bf2ba4e2-c1d5-4831-b7f7-addd85007dfd,GOOGL,1,1,100,2026-02-16 15:51:44,FIRM_B_ACCT_441,FIRM_B,2
6e7785df-953a-4ee7-ba29-ae53f391eb3e,SPY,1,1,500,2026-02-16 15:52:15,FIRM_A_ACCT_123,FIRM_A,2
62827013-2c20-48f4-a523-f7ce16228809,GOOGL,2,1,100,2026-02-16 15:53:10,FIRM_A_ACCT_468,FIRM_A,2
2dbf86b9-64a7-46ae-a55b-4af7f20ce5bb,AAPL,2,1,500,2026-02-16 15:53:13,FIRM_A_ACCT_635,FIRM_A,2
b8f144c7-05f7-49ec-bf2f-d2e98f6c5a70,QQQ,2,1,500,2026-02-16 15:54:49,FIRM_A_ACCT_437,FIRM_A,2
aa41d8f9-93ec-480a-8852-087741a7a4e1,AAPL,2,1,100,2026-02-16 15:55:40,FIRM_A_ACCT_614,FIRM_A,2
8c3bfae4-1047-40a1-b3ee-5f782d5a753e,SPY,2,1,100,2026-02-16 15:55:54,FIRM_A_ACCT_605,FIRM_A,2
f7638416-ecdb-4b82-a06d-76da0c220261,META,2,1,200,2026-02-16 15:56:22,FIRM_B_ACCT_303,FIRM_B,2
5770f610-2966-4f40-ac30-eea8a2a7dd34,TSLA,1,1,2500,2026-02-16 15:56:30,FIRM_A_ACCT_643,FIRM_A,2
bb11002f-e8b5-4ec1-b47d-345e6f7a010b,AAPL,1,1,1000,2026-02-16 15:56:45,FIRM_A_ACCT_729,FIRM_A,2
004d08df-9487-4ceb-a78b-09ff12d591f3,GOOGL,2,1,100,2026-02-16 15:56:53,FIRM_B_ACCT_228,FIRM_B,2
3975f256-bf85-42cc-85e2-09c4b73fa3b7,SPY,1,1,500,2026-02-16 15:58:25,FIRM_B_ACCT_822,FIRM_B,2
0ca318c0-cc8d-43da-83e3-0692430110bf,MSFT,1,1,500,2026-02-16 15:58:28,FIRM_B_ACCT_136,FIRM_B,2
24c048e5-ae99-4c0d-9184-ee6e96e3838d,META,1,1,2500,2026-02-16 15:58:48,FIRM_B_ACCT_488,FIRM_B,2
b03a14b3-aae9-4302-b382-4440d9559aa3,SPY,1,1,500,2026-02-16 15:58:51,FIRM_A_ACCT_651,FIRM_A,2
72b970e9-632a-4b99-b8ff-9238b1db8e17,SPY,2,1,200,2026-02-16 15:59:04,FIRM_B_ACCT_888,FIRM_B,2
5c8efe9b-077e-4581-8fa6-4c131d8ba8cb,MSFT,1,1,1000,2026-02-16 15:59:23,FIRM_B_ACCT_244,FIRM_B,2
3e6dfaab-3fbc-409c-9314-d8c93789384d,MSFT,1,1,100,2026-02-16 16:00:00,FIRM_A_ACCT_468,FIRM_A,2
